SEASON_ID,Player_ID,Game_ID,GAME_DATE,MATCHUP,WL,MIN,FGM,FGA,FG_PCT,FG3M,FG3A,FG3_PCT,FTM,FTA,FT_PCT,OREB,DREB,REB,AST,STL,BLK,TOV,PF,PTS,PLUS_MINUS,VIDEO_AVAILABLE,Player
22023,203999,0022301193,"APR 14, 2024",DEN @ MEM,W,31,7,11,0.636,0,0,0.0,1,2,0.5,4,11,15,5,4,0,4,1,15,19,1,Nikola Jokic
22023,203999,0022301180,"APR 12, 2024",DEN @ SAS,L,39,9,13,0.692,1,2,0.5,3,3,1.0,2,5,7,12,2,1,3,5,22,-1,1,Nikola Jokic
22023,203999,0022301164,"APR 10, 2024",DEN vs. MIN,W,38,16,20,0.8,2,2,1.0,7,12,0.583,2,9,11,7,3,0,2,5,41,6,1,Nikola Jokic
22023,203999,0022301154,"APR 09, 2024",DEN @ UTA,W,34,12,20,0.6,2,2,1.0,2,2,1.0,5,8,13,7,3,1,5,2,28,23,1,Nikola Jokic
22023,203999,0022301130,"APR 06, 2024",DEN vs. ATL,W,31,6,13,0.462,2,3,0.667,5,6,0.833,1,13,14,11,2,0,4,1,19,19,1,Nikola Jokic
22023,203999,0022301114,"APR 04, 2024",DEN @ LAC,L,40,14,24,0.583,3,8,0.375,5,6,0.833,1,16,17,10,0,0,5,2,36,12,1,Nikola Jokic
22023,203999,0022301099,"APR 02, 2024",DEN vs. SAS,W,38,18,32,0.563,1,6,0.167,5,6,0.833,4,12,16,6,1,2,4,2,42,5,1,Nikola Jokic
22023,203999,0022301077,"MAR 31, 2024",DEN vs. CLE,W,35,11,18,0.611,1,2,0.5,3,5,0.6,4,14,18,16,1,0,3,2,26,37,1,Nikola Jokic
22023,203999,0022301071,"MAR 29, 2024",DEN vs. MIN,L,37,11,24,0.458,0,3,0.0,10,13,0.769,1,9,10,5,2,1,4,2,32,-9,1,Nikola Jokic
22023,203999,0022301059,"MAR 27, 2024",DEN vs. PHX,L,42,9,16,0.563,1,5,0.2,3,3,1.0,0,9,9,10,2,1,1,2,22,2,1,Nikola Jokic
22023,203999,0022301040,"MAR 25, 2024",DEN vs. MEM,W,31,11,18,0.611,1,2,0.5,6,7,0.857,5,6,11,8,3,1,4,4,29,13,1,Nikola Jokic
22023,203999,0022301009,"MAR 21, 2024",DEN vs. NYK,W,39,12,23,0.522,0,1,0.0,6,7,0.857,2,12,14,11,1,0,1,1,30,30,1,Nikola Jokic
22023,203999,0022300995,"MAR 19, 2024",DEN @ MIN,W,38,14,22,0.636,3,4,0.75,4,6,0.667,1,15,16,2,0,0,3,3,35,8,1,Nikola Jokic
22023,203999,0022300978,"MAR 17, 2024",DEN @ DAL,L,39,6,16,0.375,0,2,0.0,4,5,0.8,3,8,11,7,2,0,3,1,16,10,1,Nikola Jokic
22023,203999,0022300965,"MAR 15, 2024",DEN @ SAS,W,31,13,19,0.684,1,3,0.333,4,4,1.0,1,6,7,5,0,2,3,1,31,7,1,Nikola Jokic
22023,203999,0022300949,"MAR 13, 2024",DEN @ MIA,W,38,5,8,0.625,0,0,0.0,2,3,0.667,3,11,14,6,1,0,4,1,12,10,1,Nikola Jokic
22023,203999,0022300937,"MAR 11, 2024",DEN vs. TOR,W,38,14,26,0.538,1,3,0.333,6,6,1.0,6,11,17,12,6,2,2,3,35,13,1,Nikola Jokic
22023,203999,0022300922,"MAR 09, 2024",DEN vs. UTA,W,32,12,14,0.857,0,0,0.0,2,2,1.0,2,4,6,8,1,2,3,1,26,6,1,Nikola Jokic
22023,203999,0022300906,"MAR 07, 2024",DEN vs. BOS,W,39,11,19,0.579,0,0,0.0,10,10,1.0,4,8,12,11,2,0,0,1,32,9,1,Nikola Jokic
22023,203999,0022300893,"MAR 05, 2024",DEN vs. PHX,L,44,8,18,0.444,4,7,0.571,5,7,0.714,3,13,16,5,0,0,7,2,25,-13,1,Nikola Jokic
22023,203999,0022300869,"MAR 02, 2024",DEN @ LAL,W,39,16,25,0.64,1,5,0.2,2,2,1.0,2,8,10,7,0,1,3,1,35,16,1,Nikola Jokic
22023,203999,0022300855,"FEB 29, 2024",DEN vs. MIA,W,38,6,15,0.4,0,3,0.0,6,6,1.0,2,9,11,7,1,2,4,4,18,12,1,Nikola Jokic
22023,203999,0022300847,"FEB 28, 2024",DEN vs. SAC,W,32,5,9,0.556,0,0,0.0,4,4,1.0,1,13,14,11,3,1,2,3,14,37,1,Nikola Jokic
22023,203999,0022300824,"FEB 25, 2024",DEN @ GSW,W,37,13,24,0.542,2,6,0.333,4,4,1.0,2,14,16,16,4,1,2,3,32,20,1,Nikola Jokic
22023,203999,0022300812,"FEB 23, 2024",DEN @ POR,W,35,12,17,0.706,1,3,0.333,4,5,0.8,3,12,15,14,2,1,2,4,29,24,1,Nikola Jokic
22023,203999,0022300800,"FEB 22, 2024",DEN vs. WAS,W,31,10,10,1.0,0,0,0.0,1,2,0.5,2,17,19,15,1,0,3,3,21,23,1,Nikola Jokic
22023,203999,0022300786,"FEB 14, 2024",DEN vs. SAC,L,39,6,17,0.353,0,6,0.0,3,4,0.75,0,5,5,8,0,1,0,4,15,-6,1,Nikola Jokic
22023,203999,0022300767,"FEB 12, 2024",DEN @ MIL,L,32,13,25,0.52,2,5,0.4,1,3,0.333,3,9,12,8,0,0,5,1,29,-16,1,Nikola Jokic
22023,203999,0022300746,"FEB 09, 2024",DEN @ SAC,L,30,9,17,0.529,1,1,1.0,4,5,0.8,2,6,8,7,3,0,1,2,23,-7,1,Nikola Jokic
22023,203999,0022300740,"FEB 08, 2024",DEN @ LAL,W,36,9,20,0.45,2,6,0.333,4,4,1.0,3,10,13,9,0,3,6,2,24,10,1,Nikola Jokic
22023,203999,0022300712,"FEB 04, 2024",DEN vs. POR,W,34,12,20,0.6,1,3,0.333,4,5,0.8,1,7,8,7,2,0,2,1,29,-5,1,Nikola Jokic
22023,203999,0022300697,"FEB 02, 2024",DEN vs. POR,W,38,11,16,0.688,1,1,1.0,4,4,1.0,7,15,22,12,1,2,4,3,27,20,1,Nikola Jokic
22023,203999,0022300667,"JAN 29, 2024",DEN vs. MIL,W,40,10,25,0.4,1,6,0.167,4,5,0.8,1,15,16,12,3,2,3,1,25,9,1,Nikola Jokic
22023,203999,0022300644,"JAN 27, 2024",DEN vs. PHI,W,37,8,16,0.5,0,1,0.0,10,16,0.625,5,11,16,7,2,0,3,3,26,2,1,Nikola Jokic
22023,203999,0022300631,"JAN 25, 2024",DEN @ NYK,L,27,13,18,0.722,2,3,0.667,3,3,1.0,4,7,11,3,0,0,7,1,31,-23,1,Nikola Jokic
22023,203999,0022300614,"JAN 23, 2024",DEN @ IND,W,37,13,19,0.684,3,4,0.75,2,2,1.0,2,11,13,10,0,1,1,3,31,9,1,Nikola Jokic
22023,203999,0022300602,"JAN 21, 2024",DEN @ WAS,W,36,15,20,0.75,0,0,0.0,12,14,0.857,4,8,12,8,2,2,0,2,42,20,1,Nikola Jokic
22023,203999,0022300586,"JAN 19, 2024",DEN @ BOS,W,38,14,22,0.636,2,4,0.5,4,4,1.0,2,10,12,9,0,0,4,1,34,1,1,Nikola Jokic
22023,203999,0022300566,"JAN 16, 2024",DEN @ PHI,L,38,11,20,0.55,0,2,0.0,3,4,0.75,11,8,19,3,1,1,4,3,25,1,1,Nikola Jokic
22023,203999,0022300550,"JAN 14, 2024",DEN vs. IND,W,33,12,13,0.923,0,0,0.0,1,2,0.5,3,9,12,9,2,1,7,3,25,10,1,Nikola Jokic
22023,203999,0022300539,"JAN 12, 2024",DEN vs. NOP,W,32,11,17,0.647,1,2,0.5,4,4,1.0,3,7,10,14,0,1,2,4,27,12,1,Nikola Jokic
22023,203999,0022300524,"JAN 10, 2024",DEN @ UTA,L,30,8,9,0.889,1,1,1.0,10,12,0.833,1,10,11,6,1,0,6,3,27,-21,1,Nikola Jokic
22023,203999,0022300502,"JAN 07, 2024",DEN vs. DET,W,25,2,3,0.667,0,0,0.0,0,0,0.0,0,7,7,16,0,5,2,4,4,16,1,Nikola Jokic
22023,203999,0022300488,"JAN 05, 2024",DEN vs. ORL,L,37,13,19,0.684,0,1,0.0,3,4,0.75,0,4,4,8,3,0,2,3,29,-4,1,Nikola Jokic
22023,203999,0022300478,"JAN 04, 2024",DEN @ GSW,W,38,13,16,0.813,2,2,1.0,6,7,0.857,2,7,9,10,2,1,4,2,34,4,1,Nikola Jokic
22023,203999,0022300455,"JAN 01, 2024",DEN vs. CHA,W,28,6,7,0.857,0,0,0.0,1,1,1.0,0,11,11,6,1,1,3,2,13,27,1,Nikola Jokic
22023,203999,0022300435,"DEC 29, 2023",DEN vs. OKC,L,32,9,10,0.9,1,1,1.0,0,0,0.0,2,8,10,7,1,1,7,2,19,-19,1,Nikola Jokic
22023,203999,0022300425,"DEC 28, 2023",DEN vs. MEM,W,30,11,11,1.0,1,1,1.0,3,3,1.0,0,14,14,10,0,2,3,1,26,25,1,Nikola Jokic
22023,203999,0022300402,"DEC 25, 2023",DEN vs. GSW,W,39,4,12,0.333,0,2,0.0,18,18,1.0,4,10,14,8,0,0,3,2,26,21,1,Nikola Jokic
22023,203999,0022300390,"DEC 23, 2023",DEN @ CHA,W,36,8,14,0.571,0,2,0.0,2,2,1.0,2,8,10,9,1,1,3,6,18,12,1,Nikola Jokic
22023,203999,0022300383,"DEC 22, 2023",DEN @ BKN,W,34,12,17,0.706,2,2,1.0,5,5,1.0,2,9,11,7,3,2,0,4,31,29,1,Nikola Jokic
22023,203999,0022300369,"DEC 20, 2023",DEN @ TOR,W,38,13,23,0.565,3,5,0.6,2,3,0.667,5,10,15,6,0,2,2,2,31,15,1,Nikola Jokic
22023,203999,0022300356,"DEC 18, 2023",DEN vs. DAL,W,28,3,8,0.375,0,1,0.0,2,2,1.0,1,8,9,7,2,0,2,2,8,16,1,Nikola Jokic
22023,203999,0022300340,"DEC 16, 2023",DEN vs. OKC,L,37,8,15,0.533,1,2,0.5,7,8,0.875,4,2,6,12,2,0,3,3,24,-9,1,Nikola Jokic
22023,203999,0022300322,"DEC 14, 2023",DEN vs. BKN,W,30,8,12,0.667,0,2,0.0,10,12,0.833,1,13,14,10,1,0,1,2,26,21,1,Nikola Jokic
22023,203999,0022300307,"DEC 12, 2023",DEN @ CHI,W,16,2,5,0.4,0,0,0.0,0,0,0.0,3,6,9,6,0,0,0,1,4,5,1,Nikola Jokic
22023,203999,0022300296,"DEC 11, 2023",DEN @ ATL,W,36,9,13,0.692,1,1,1.0,6,7,0.857,2,6,8,9,3,2,1,3,25,8,1,Nikola Jokic
22023,203999,0022301224,"DEC 08, 2023",DEN vs. HOU,L,34,9,26,0.346,1,2,0.5,4,7,0.571,7,9,16,5,0,2,3,5,23,3,1,Nikola Jokic
22023,203999,0022301215,"DEC 06, 2023",DEN @ LAC,L,37,9,32,0.281,2,7,0.286,2,2,1.0,5,10,15,10,1,0,4,2,22,1,1,Nikola Jokic
22023,203999,0022300290,"DEC 02, 2023",DEN @ SAC,L,38,13,23,0.565,1,4,0.25,9,12,0.75,2,11,13,14,2,1,0,3,36,11,1,Nikola Jokic
22023,203999,0022300279,"DEC 01, 2023",DEN @ PHX,W,35,9,18,0.5,0,3,0.0,3,6,0.5,1,4,5,16,1,2,3,4,21,6,1,Nikola Jokic
22023,203999,0022300263,"NOV 29, 2023",DEN vs. HOU,W,33,12,19,0.632,1,2,0.5,7,8,0.875,6,4,10,15,1,0,0,2,32,29,1,Nikola Jokic
22023,203999,0022300252,"NOV 26, 2023",DEN vs. SAS,W,34,17,29,0.586,0,0,0.0,5,5,1.0,5,6,11,9,1,0,5,3,39,14,1,Nikola Jokic
22023,203999,0022300048,"NOV 24, 2023",DEN @ HOU,L,42,14,31,0.452,3,8,0.375,7,11,0.636,6,13,19,8,3,0,3,3,38,-12,1,Nikola Jokic
22023,203999,0022300226,"NOV 22, 2023",DEN @ ORL,L,36,12,18,0.667,1,2,0.5,5,5,1.0,5,8,13,12,3,2,1,4,30,4,1,Nikola Jokic
22023,203999,0022300218,"NOV 20, 2023",DEN @ DET,W,15,4,8,0.5,1,4,0.25,0,0,0.0,0,5,5,5,0,1,1,1,9,-4,1,Nikola Jokic
22023,203999,0022300210,"NOV 19, 2023",DEN @ CLE,L,28,8,13,0.615,0,0,0.0,2,5,0.4,1,9,10,7,1,1,3,5,18,-16,1,Nikola Jokic
22023,203999,0022300034,"NOV 17, 2023",DEN @ NOP,L,36,10,20,0.5,1,8,0.125,5,5,1.0,2,14,16,18,1,1,4,2,26,5,1,Nikola Jokic
22023,203999,0022300024,"NOV 14, 2023",DEN vs. LAC,W,36,8,23,0.348,2,7,0.286,14,14,1.0,3,13,16,9,1,0,4,2,32,3,1,Nikola Jokic
22023,203999,0022300182,"NOV 12, 2023",DEN @ HOU,L,38,13,26,0.5,2,6,0.333,8,8,1.0,6,15,21,11,0,1,3,3,36,12,1,Nikola Jokic
22023,203999,0022300169,"NOV 08, 2023",DEN vs. GSW,W,37,14,25,0.56,1,8,0.125,6,10,0.6,3,10,13,5,3,1,3,3,35,3,1,Nikola Jokic
22023,203999,0022300156,"NOV 06, 2023",DEN vs. NOP,W,36,15,24,0.625,2,6,0.333,3,5,0.6,3,11,14,12,1,1,2,1,35,16,1,Nikola Jokic
22023,203999,0022300139,"NOV 04, 2023",DEN vs. CHI,W,33,9,16,0.563,1,3,0.333,9,9,1.0,4,12,16,9,3,0,1,3,28,33,1,Nikola Jokic
22023,203999,0022300006,"NOV 03, 2023",DEN vs. DAL,W,36,14,16,0.875,2,2,1.0,3,5,0.6,7,7,14,9,1,1,4,3,33,17,1,Nikola Jokic
22023,203999,0022300123,"NOV 01, 2023",DEN @ MIN,L,30,11,23,0.478,1,6,0.167,2,2,1.0,2,8,10,3,0,0,5,0,25,-19,1,Nikola Jokic
22023,203999,0022300110,"OCT 30, 2023",DEN vs. UTA,W,35,12,16,0.75,1,3,0.333,2,5,0.4,1,9,10,11,0,2,1,3,27,13,1,Nikola Jokic
22023,203999,0022300095,"OCT 29, 2023",DEN @ OKC,W,30,12,16,0.75,1,2,0.5,3,3,1.0,2,12,14,5,0,0,4,3,28,21,1,Nikola Jokic
22023,203999,0022300078,"OCT 27, 2023",DEN @ MEM,W,35,8,14,0.571,1,4,0.25,5,6,0.833,3,9,12,7,1,1,9,1,22,6,1,Nikola Jokic
22023,203999,0022300061,"OCT 24, 2023",DEN vs. LAL,W,36,12,22,0.545,3,5,0.6,2,4,0.5,3,10,13,11,1,1,2,2,29,15,1,Nikola Jokic
22023,1629029,0022301161,"APR 10, 2024",DAL @ MIA,W,36,9,23,0.391,4,15,0.267,7,8,0.875,1,8,9,9,0,0,3,4,29,7,1,Luka Doncic
22023,1629029,0022301144,"APR 09, 2024",DAL @ CHA,W,35,13,25,0.52,8,17,0.471,5,7,0.714,2,10,12,10,0,1,4,2,39,22,1,Luka Doncic
22023,1629029,0022301131,"APR 07, 2024",DAL vs. HOU,W,45,12,21,0.571,4,10,0.4,9,9,1.0,2,7,9,12,0,2,7,5,37,20,1,Luka Doncic
22023,1629029,0022301124,"APR 04, 2024",DAL vs. ATL,W,37,8,25,0.32,6,15,0.4,3,3,1.0,0,12,12,8,2,1,5,3,25,21,1,Luka Doncic
22023,1629029,0022300589,"APR 02, 2024",DAL @ GSW,L,39,11,22,0.5,5,11,0.455,3,4,0.75,1,11,12,11,0,0,5,1,30,9,1,Luka Doncic
22023,1629029,0022301083,"MAR 31, 2024",DAL @ HOU,W,35,18,30,0.6,9,16,0.563,2,5,0.4,0,12,12,7,2,0,4,1,47,12,1,Luka Doncic
22023,1629029,0022301073,"MAR 29, 2024",DAL @ SAC,W,41,6,14,0.429,4,8,0.5,10,14,0.714,0,9,9,12,2,0,5,2,26,6,1,Luka Doncic
22023,1629029,0022301047,"MAR 26, 2024",DAL @ SAC,W,32,10,18,0.556,4,8,0.5,4,5,0.8,1,10,11,6,2,0,4,4,28,18,1,Luka Doncic
22023,1629029,0022301041,"MAR 25, 2024",DAL @ UTA,W,41,10,24,0.417,2,11,0.182,7,8,0.875,2,10,12,13,1,1,4,3,29,10,1,Luka Doncic
22023,1629029,0022301008,"MAR 21, 2024",DAL vs. UTA,W,35,11,23,0.478,4,10,0.4,8,12,0.667,1,8,9,8,4,0,4,2,34,-3,1,Luka Doncic
22023,1629029,0022300994,"MAR 19, 2024",DAL @ SAS,W,40,6,27,0.222,2,12,0.167,4,5,0.8,0,10,10,16,1,0,4,0,18,5,1,Luka Doncic
22023,1629029,0022300978,"MAR 17, 2024",DAL vs. DEN,W,40,12,27,0.444,5,11,0.455,8,10,0.8,4,6,10,3,2,0,3,3,37,-1,1,Luka Doncic
22023,1629029,0022300952,"MAR 13, 2024",DAL vs. GSW,W,30,7,18,0.389,1,6,0.167,6,8,0.75,1,2,3,9,0,0,6,0,21,14,1,Luka Doncic
22023,1629029,0022300935,"MAR 11, 2024",DAL @ CHI,W,34,9,23,0.391,6,15,0.4,3,4,0.75,2,10,12,14,1,0,2,2,27,34,1,Luka Doncic
22023,1629029,0022300919,"MAR 09, 2024",DAL @ DET,W,37,13,24,0.542,4,13,0.308,9,10,0.9,0,10,10,10,3,2,6,1,39,13,1,Luka Doncic
22023,1629029,0022300904,"MAR 07, 2024",DAL vs. MIA,W,40,12,24,0.5,7,13,0.538,4,4,1.0,0,11,11,11,1,0,4,2,35,11,1,Luka Doncic
22023,1629029,0022300892,"MAR 05, 2024",DAL vs. IND,L,43,15,30,0.5,4,13,0.308,5,6,0.833,0,10,10,11,0,0,5,4,39,-18,1,Luka Doncic
22023,1629029,0022300871,"MAR 03, 2024",DAL vs. PHI,L,40,14,27,0.519,4,10,0.4,6,6,1.0,2,9,11,10,1,0,7,2,38,9,1,Luka Doncic
22023,1629029,0022300859,"MAR 01, 2024",DAL @ BOS,L,37,14,25,0.56,3,9,0.333,6,8,0.75,3,9,12,11,0,0,2,3,37,-20,1,Luka Doncic
22023,1629029,0022300844,"FEB 28, 2024",DAL @ TOR,W,36,11,23,0.478,1,8,0.125,7,9,0.778,1,11,12,16,2,0,5,3,30,11,1,Luka Doncic
22023,1629029,0022300832,"FEB 27, 2024",DAL @ CLE,L,41,17,29,0.586,6,11,0.545,5,5,1.0,0,9,9,14,3,0,1,1,45,13,1,Luka Doncic
22023,1629029,0022300819,"FEB 25, 2024",DAL @ IND,L,33,10,21,0.476,4,8,0.5,9,12,0.75,1,5,6,6,1,2,3,4,33,-13,1,Luka Doncic
22023,1629029,0022300796,"FEB 22, 2024",DAL vs. PHX,W,38,14,27,0.519,6,11,0.545,7,7,1.0,0,9,9,11,3,0,3,4,41,9,1,Luka Doncic
22023,1629029,0022300785,"FEB 14, 2024",DAL vs. SAS,W,31,11,20,0.55,1,8,0.125,4,4,1.0,0,9,9,8,2,1,5,2,27,25,1,Luka Doncic
22023,1629029,0022300768,"FEB 12, 2024",DAL vs. WAS,W,37,8,16,0.5,2,7,0.286,8,11,0.727,1,10,11,15,1,2,5,3,26,19,1,Luka Doncic
22023,1629029,0022300748,"FEB 10, 2024",DAL vs. OKC,W,31,9,14,0.643,4,8,0.5,10,13,0.769,0,8,8,9,0,0,3,3,32,18,1,Luka Doncic
22023,1629029,0022300736,"FEB 08, 2024",DAL @ NYK,W,40,13,24,0.542,7,14,0.5,6,7,0.857,0,8,8,11,4,1,3,1,39,18,1,Luka Doncic
22023,1629029,0022300720,"FEB 06, 2024",DAL @ BKN,W,43,13,27,0.481,4,11,0.364,5,10,0.5,1,17,18,9,2,1,1,3,35,6,1,Luka Doncic
22023,1629029,0022300715,"FEB 05, 2024",DAL @ PHI,W,36,6,15,0.4,4,10,0.4,3,5,0.6,0,8,8,3,1,0,3,3,19,17,1,Luka Doncic
22023,1629029,0022300702,"FEB 03, 2024",DAL vs. MIL,L,42,13,26,0.5,4,12,0.333,10,11,0.909,1,8,9,11,1,0,9,4,40,-12,1,Luka Doncic
22023,1629029,0022300666,"JAN 29, 2024",DAL vs. ORL,W,43,12,23,0.522,3,8,0.375,18,21,0.857,0,9,9,15,2,0,4,4,45,3,1,Luka Doncic
22023,1629029,0022300651,"JAN 27, 2024",DAL vs. SAC,L,46,9,26,0.346,1,9,0.111,9,12,0.75,2,8,10,17,2,1,3,3,28,2,1,Luka Doncic
22023,1629029,0022300634,"JAN 26, 2024",DAL @ ATL,W,45,25,33,0.758,8,13,0.615,15,16,0.938,0,10,10,7,1,0,4,1,73,13,1,Luka Doncic
22023,1629029,0022300625,"JAN 24, 2024",DAL vs. PHX,L,39,11,24,0.458,4,11,0.364,8,12,0.667,1,7,8,9,1,2,5,1,34,-22,1,Luka Doncic
22023,1629029,0022300611,"JAN 22, 2024",DAL vs. BOS,L,40,12,30,0.4,2,8,0.25,7,11,0.636,5,13,18,13,2,0,3,5,33,-13,1,Luka Doncic
22023,1629029,0022300577,"JAN 17, 2024",DAL @ LAL,L,36,12,24,0.5,2,9,0.222,7,9,0.778,0,13,13,10,2,2,4,2,33,-15,1,Luka Doncic
22023,1629029,0022300515,"JAN 09, 2024",DAL vs. MEM,L,36,9,21,0.429,2,8,0.25,11,15,0.733,0,6,6,6,3,0,3,1,31,-14,1,Luka Doncic
22023,1629029,0022300501,"JAN 07, 2024",DAL vs. MIN,W,39,12,26,0.462,5,12,0.417,5,8,0.625,0,6,6,8,1,0,3,3,34,5,1,Luka Doncic
22023,1629029,0022300472,"JAN 03, 2024",DAL vs. POR,W,31,13,21,0.619,4,7,0.571,11,14,0.786,0,6,6,5,1,0,4,1,41,23,1,Luka Doncic
22023,1629029,0022300457,"JAN 01, 2024",DAL @ UTA,L,34,6,20,0.3,3,13,0.231,4,6,0.667,0,6,6,14,1,0,4,1,19,-17,1,Luka Doncic
22023,1629029,0022300444,"DEC 30, 2023",DAL @ GSW,W,38,14,29,0.483,5,13,0.385,6,7,0.857,0,8,8,10,1,1,4,3,39,9,1,Luka Doncic
22023,1629029,0022300420,"DEC 27, 2023",DAL vs. CLE,L,37,14,29,0.483,3,10,0.3,8,10,0.8,0,7,7,6,2,2,5,0,39,-9,1,Luka Doncic
22023,1629029,0022300405,"DEC 25, 2023",DAL @ PHX,W,44,15,25,0.6,8,16,0.5,12,12,1.0,1,5,6,15,4,3,4,2,50,16,1,Luka Doncic
22023,1629029,0022300398,"DEC 23, 2023",DAL vs. SAS,W,32,13,27,0.481,5,10,0.5,8,11,0.727,2,10,12,10,1,1,2,1,39,37,1,Luka Doncic
22023,1629029,0022300372,"DEC 20, 2023",DAL vs. LAC,L,44,9,25,0.36,2,11,0.182,8,14,0.571,1,8,9,10,1,0,5,1,28,-4,1,Luka Doncic
22023,1629029,0022300356,"DEC 18, 2023",DAL @ DEN,L,36,13,24,0.542,6,12,0.5,6,10,0.6,3,8,11,8,0,0,3,1,38,-29,1,Luka Doncic
22023,1629029,0022300341,"DEC 16, 2023",DAL @ POR,W,37,15,28,0.536,4,12,0.333,6,6,1.0,2,10,12,10,1,0,4,3,40,-4,1,Luka Doncic
22023,1629029,0022300321,"DEC 14, 2023",DAL vs. MIN,L,39,15,27,0.556,2,7,0.286,7,7,1.0,1,5,6,13,2,0,8,2,39,-12,1,Luka Doncic
22023,1629029,0022300306,"DEC 12, 2023",DAL vs. LAL,W,43,12,28,0.429,3,10,0.3,6,6,1.0,0,6,6,17,1,0,4,0,33,10,1,Luka Doncic
22023,1629029,0022300299,"DEC 11, 2023",DAL @ MEM,W,44,9,21,0.429,5,10,0.5,12,13,0.923,0,8,8,6,2,2,3,3,35,3,1,Luka Doncic
22023,1629029,0022301226,"DEC 08, 2023",DAL @ POR,W,41,11,28,0.393,3,14,0.214,7,8,0.875,0,6,6,10,1,1,5,1,32,13,1,Luka Doncic
22023,1629029,0022301213,"DEC 06, 2023",DAL vs. UTA,W,32,14,25,0.56,6,12,0.5,6,8,0.75,2,8,10,11,1,0,4,2,40,34,1,Luka Doncic
22023,1629029,0022300287,"DEC 02, 2023",DAL vs. OKC,L,46,11,22,0.5,5,13,0.385,9,14,0.643,2,13,15,18,2,2,7,2,36,-7,1,Luka Doncic
22023,1629029,0022300059,"NOV 28, 2023",DAL vs. HOU,W,38,15,29,0.517,3,10,0.3,8,9,0.889,0,9,9,9,2,0,0,3,41,12,1,Luka Doncic
22023,1629029,0022300244,"NOV 25, 2023",DAL @ LAC,L,38,12,27,0.444,1,8,0.125,5,5,1.0,0,3,3,4,2,2,4,4,30,-14,1,Luka Doncic
22023,1629029,0022300238,"NOV 22, 2023",DAL @ LAL,W,39,10,26,0.385,3,12,0.25,7,8,0.875,0,12,12,8,2,0,0,2,30,-11,1,Luka Doncic
22023,1629029,0022300212,"NOV 19, 2023",DAL vs. SAC,L,32,7,19,0.368,3,7,0.429,8,10,0.8,1,9,10,7,3,0,2,0,25,-14,1,Luka Doncic
22023,1629029,0022300205,"NOV 18, 2023",DAL @ MIL,L,35,15,26,0.577,4,9,0.444,1,4,0.25,1,8,9,9,0,0,3,1,35,-17,1,Luka Doncic
22023,1629029,0022300192,"NOV 15, 2023",DAL @ WAS,W,32,7,18,0.389,4,11,0.364,8,12,0.667,1,6,7,10,0,0,3,2,26,12,1,Luka Doncic
22023,1629029,0022300022,"NOV 14, 2023",DAL @ NOP,L,26,5,16,0.313,3,5,0.6,3,5,0.6,1,1,2,2,0,0,8,0,16,-26,1,Luka Doncic
22023,1629029,0022300183,"NOV 12, 2023",DAL @ NOP,W,28,11,18,0.611,4,9,0.444,4,5,0.8,0,4,4,9,1,0,2,0,30,14,1,Luka Doncic
22023,1629029,0022300014,"NOV 10, 2023",DAL vs. LAC,W,32,17,21,0.81,6,9,0.667,4,4,1.0,0,6,6,6,1,0,1,1,44,32,1,Luka Doncic
22023,1629029,0022300168,"NOV 08, 2023",DAL vs. TOR,L,38,11,26,0.423,2,10,0.2,7,10,0.7,0,7,7,8,4,1,4,3,31,-7,1,Luka Doncic
22023,1629029,0022300147,"NOV 06, 2023",DAL @ ORL,W,35,9,17,0.529,5,10,0.5,6,6,1.0,0,3,3,6,2,0,6,2,29,7,1,Luka Doncic
22023,1629029,0022300143,"NOV 05, 2023",DAL vs. CHA,W,36,8,19,0.421,1,9,0.111,6,7,0.857,1,11,12,9,0,1,4,3,23,3,1,Luka Doncic
22023,1629029,0022300006,"NOV 03, 2023",DAL @ DEN,L,38,11,24,0.458,6,11,0.545,6,7,0.857,3,7,10,8,0,1,9,2,34,-4,1,Luka Doncic
22023,1629029,0022300124,"NOV 01, 2023",DAL vs. CHI,W,40,5,16,0.313,1,8,0.125,7,9,0.778,0,7,7,10,2,1,6,2,18,11,1,Luka Doncic
22023,1629029,0022300106,"OCT 30, 2023",DAL @ MEM,W,40,11,22,0.5,6,12,0.5,7,10,0.7,0,12,12,12,1,1,6,4,35,6,1,Luka Doncic
22023,1629029,0022300084,"OCT 27, 2023",DAL vs. BKN,W,36,16,25,0.64,9,14,0.643,8,10,0.8,1,9,10,7,0,0,0,1,49,9,1,Luka Doncic
22023,1629029,0022300073,"OCT 25, 2023",DAL @ SAS,W,34,13,25,0.52,3,11,0.273,4,7,0.571,1,12,13,10,2,0,4,1,33,4,1,Luka Doncic
22023,203507,0022301148,"APR 09, 2024",MIL vs. BOS,W,29,7,11,0.636,0,0,0.0,1,2,0.5,3,5,8,7,1,2,4,1,15,17,1,Giannis Antetokounmpo
22023,203507,0022301139,"APR 07, 2024",MIL vs. NYK,L,39,10,20,0.5,0,1,0.0,8,11,0.727,3,12,15,8,1,2,4,2,28,-5,1,Giannis Antetokounmpo
22023,203507,0022301107,"APR 03, 2024",MIL vs. MEM,L,32,10,23,0.435,0,4,0.0,1,3,0.333,1,6,7,8,1,5,3,4,21,3,1,Giannis Antetokounmpo
22023,203507,0022301095,"APR 02, 2024",MIL @ WAS,L,36,15,21,0.714,0,0,0.0,5,9,0.556,3,12,15,10,0,0,2,2,35,2,1,Giannis Antetokounmpo
22023,203507,0022301076,"MAR 30, 2024",MIL @ ATL,W,38,12,22,0.545,0,1,0.0,12,16,0.75,4,12,16,8,3,1,3,2,36,8,1,Giannis Antetokounmpo
22023,203507,0022301061,"MAR 28, 2024",MIL @ NOP,L,39,15,22,0.682,0,2,0.0,5,11,0.455,3,11,14,4,0,0,2,5,35,-2,1,Giannis Antetokounmpo
22023,203507,0022301045,"MAR 26, 2024",MIL vs. LAL,L,46,14,25,0.56,0,1,0.0,1,6,0.167,8,13,21,11,2,3,7,3,29,-13,1,Giannis Antetokounmpo
22023,203507,0022301030,"MAR 24, 2024",MIL vs. OKC,W,34,13,18,0.722,0,0,0.0,4,6,0.667,8,11,19,4,0,1,3,3,30,7,1,Giannis Antetokounmpo
22023,203507,0022301007,"MAR 21, 2024",MIL vs. BKN,W,35,9,19,0.474,1,2,0.5,2,4,0.5,3,6,9,5,0,2,2,3,21,5,1,Giannis Antetokounmpo
22023,203507,0022300958,"MAR 14, 2024",MIL vs. PHI,W,37,9,12,0.75,0,0,0.0,14,18,0.778,4,7,11,7,1,0,7,4,32,-4,1,Giannis Antetokounmpo
22023,203507,0022300945,"MAR 12, 2024",MIL @ SAC,L,33,10,17,0.588,0,2,0.0,10,14,0.714,1,12,13,4,1,0,4,3,30,-18,1,Giannis Antetokounmpo
22023,203507,0022300924,"MAR 10, 2024",MIL @ LAC,W,39,12,24,0.5,0,2,0.0,10,15,0.667,0,7,7,10,1,1,3,3,34,19,1,Giannis Antetokounmpo
22023,203507,0022300915,"MAR 08, 2024",MIL @ LAL,L,39,14,23,0.609,1,3,0.333,5,7,0.714,2,12,14,12,1,1,4,2,34,-4,1,Giannis Antetokounmpo
22023,203507,0022300899,"MAR 06, 2024",MIL @ GSW,L,33,8,15,0.533,1,3,0.333,6,9,0.667,2,5,7,6,0,1,2,1,23,-6,1,Giannis Antetokounmpo
22023,203507,0022300864,"MAR 01, 2024",MIL @ CHI,W,37,16,22,0.727,2,3,0.667,12,16,0.75,5,11,16,6,1,1,1,3,46,6,1,Giannis Antetokounmpo
22023,203507,0022300849,"FEB 29, 2024",MIL @ CHA,W,33,10,15,0.667,2,2,1.0,2,3,0.667,2,8,10,5,0,0,1,3,24,16,1,Giannis Antetokounmpo
22023,203507,0022300840,"FEB 27, 2024",MIL vs. CHA,W,24,8,13,0.615,1,1,1.0,7,8,0.875,3,5,8,1,0,0,1,1,24,25,1,Giannis Antetokounmpo
22023,203507,0022300817,"FEB 25, 2024",MIL @ PHI,W,36,10,17,0.588,1,2,0.5,9,12,0.75,1,11,12,9,0,1,6,1,30,14,1,Giannis Antetokounmpo
22023,203507,0022300808,"FEB 23, 2024",MIL @ MIN,W,41,9,13,0.692,1,1,1.0,14,21,0.667,4,9,13,5,1,0,3,1,33,1,1,Giannis Antetokounmpo
22023,203507,0022300790,"FEB 15, 2024",MIL @ MEM,L,37,15,17,0.882,0,0,0.0,5,9,0.556,0,4,4,12,0,0,1,5,35,-14,1,Giannis Antetokounmpo
22023,203507,0022300773,"FEB 13, 2024",MIL vs. MIA,L,34,11,18,0.611,1,2,0.5,0,0,0.0,2,9,11,8,0,2,5,0,23,-23,1,Giannis Antetokounmpo
22023,203507,0022300767,"FEB 12, 2024",MIL vs. DEN,W,30,14,19,0.737,0,0,0.0,8,14,0.571,4,14,18,5,3,2,2,2,36,18,1,Giannis Antetokounmpo
22023,203507,0022300745,"FEB 09, 2024",MIL vs. CHA,W,24,5,10,0.5,0,1,0.0,5,7,0.714,1,13,14,3,1,1,0,5,15,28,1,Giannis Antetokounmpo
22023,203507,0022300738,"FEB 08, 2024",MIL vs. MIN,L,27,7,14,0.5,0,2,0.0,3,7,0.429,1,2,3,7,1,0,3,1,17,-18,1,Giannis Antetokounmpo
22023,203507,0022300725,"FEB 06, 2024",MIL @ PHX,L,39,13,24,0.542,1,3,0.333,7,13,0.538,4,6,10,6,0,0,5,5,34,1,1,Giannis Antetokounmpo
22023,203507,0022300711,"FEB 04, 2024",MIL @ UTA,L,40,11,15,0.733,0,2,0.0,11,15,0.733,2,5,7,13,0,1,5,3,33,-8,1,Giannis Antetokounmpo
22023,203507,0022300702,"FEB 03, 2024",MIL @ DAL,W,40,20,28,0.714,2,5,0.4,6,10,0.6,1,5,6,10,5,1,1,3,48,15,1,Giannis Antetokounmpo
22023,203507,0022300683,"JAN 31, 2024",MIL @ POR,L,38,10,16,0.625,0,2,0.0,7,11,0.636,3,5,8,4,3,1,6,5,27,6,1,Giannis Antetokounmpo
22023,203507,0022300667,"JAN 29, 2024",MIL @ DEN,L,37,11,19,0.579,1,1,1.0,6,11,0.545,2,10,12,4,1,1,2,4,29,-3,1,Giannis Antetokounmpo
22023,203507,0022300648,"JAN 27, 2024",MIL vs. NOP,W,29,11,16,0.688,1,1,1.0,7,11,0.636,1,11,12,4,2,0,1,3,30,23,1,Giannis Antetokounmpo
22023,203507,0022300639,"JAN 26, 2024",MIL vs. CLE,L,36,9,13,0.692,0,0,0.0,4,9,0.444,2,9,11,9,1,1,6,5,22,8,1,Giannis Antetokounmpo
22023,203507,0022300624,"JAN 24, 2024",MIL vs. CLE,W,35,16,24,0.667,1,1,1.0,2,3,0.667,2,16,18,10,0,2,2,3,35,11,1,Giannis Antetokounmpo
22023,203507,0022300606,"JAN 22, 2024",MIL @ DET,W,36,11,25,0.44,1,5,0.2,8,12,0.667,3,14,17,10,3,2,2,3,31,12,1,Giannis Antetokounmpo
22023,203507,0022300592,"JAN 20, 2024",MIL @ DET,W,38,10,16,0.625,0,1,0.0,11,22,0.5,3,7,10,9,2,1,5,1,31,13,1,Giannis Antetokounmpo
22023,203507,0022300552,"JAN 14, 2024",MIL vs. SAC,W,40,9,16,0.563,0,2,0.0,9,14,0.643,1,9,10,10,3,0,4,4,27,-13,1,Giannis Antetokounmpo
22023,203507,0022300545,"JAN 13, 2024",MIL vs. GSW,W,37,13,22,0.591,1,3,0.333,6,8,0.75,3,6,9,5,0,0,4,3,33,1,1,Giannis Antetokounmpo
22023,203507,0022300528,"JAN 11, 2024",MIL vs. BOS,W,26,10,13,0.769,0,0,0.0,4,5,0.8,5,7,12,6,1,1,4,2,24,38,1,Giannis Antetokounmpo
22023,203507,0022300510,"JAN 08, 2024",MIL vs. UTA,L,38,10,20,0.5,0,2,0.0,5,9,0.556,4,6,10,11,0,0,4,5,25,-14,1,Giannis Antetokounmpo
22023,203507,0022300496,"JAN 06, 2024",MIL @ HOU,L,39,16,25,0.64,1,2,0.5,15,21,0.714,3,14,17,2,0,1,2,4,48,-1,1,Giannis Antetokounmpo
22023,203507,0022300477,"JAN 04, 2024",MIL @ SAS,W,40,19,28,0.679,2,3,0.667,4,6,0.667,3,11,14,7,2,1,1,3,44,11,1,Giannis Antetokounmpo
22023,203507,0022300466,"JAN 03, 2024",MIL @ IND,L,36,8,13,0.615,1,2,0.5,9,13,0.692,0,11,11,8,3,1,3,2,26,-12,1,Giannis Antetokounmpo
22023,203507,0022300454,"JAN 01, 2024",MIL vs. IND,L,37,11,20,0.55,0,3,0.0,8,11,0.727,3,15,18,11,1,2,4,3,30,3,1,Giannis Antetokounmpo
22023,203507,0022300433,"DEC 29, 2023",MIL @ CLE,W,37,14,22,0.636,0,1,0.0,6,7,0.857,2,14,16,5,1,0,3,2,34,12,1,Giannis Antetokounmpo
22023,203507,0022300417,"DEC 27, 2023",MIL @ BKN,W,30,10,12,0.833,0,0,0.0,12,17,0.706,2,8,10,8,0,2,2,2,32,8,1,Giannis Antetokounmpo
22023,203507,0022300401,"DEC 25, 2023",MIL @ NYK,L,39,13,24,0.542,1,2,0.5,5,9,0.556,5,8,13,6,1,2,2,4,32,-5,1,Giannis Antetokounmpo
22023,203507,0022300388,"DEC 23, 2023",MIL @ NYK,W,32,11,17,0.647,0,0,0.0,6,8,0.75,2,5,7,7,1,1,5,4,28,3,1,Giannis Antetokounmpo
22023,203507,0022300378,"DEC 21, 2023",MIL vs. ORL,W,37,11,25,0.44,0,3,0.0,15,19,0.789,2,8,10,6,0,2,5,4,37,9,1,Giannis Antetokounmpo
22023,203507,0022300361,"DEC 19, 2023",MIL vs. SAS,W,34,4,12,0.333,0,2,0.0,3,6,0.5,2,12,14,16,2,1,3,1,11,13,1,Giannis Antetokounmpo
22023,203507,0022300346,"DEC 17, 2023",MIL vs. HOU,W,39,10,22,0.455,1,3,0.333,5,11,0.455,6,11,17,3,0,0,6,3,26,11,1,Giannis Antetokounmpo
22023,203507,0022300334,"DEC 16, 2023",MIL vs. DET,W,26,7,9,0.778,0,0,0.0,8,13,0.615,1,7,8,6,1,0,0,1,22,22,1,Giannis Antetokounmpo
22023,203507,0022300315,"DEC 13, 2023",MIL vs. IND,W,37,20,28,0.714,0,3,0.0,24,32,0.75,3,11,14,3,4,1,4,1,64,29,1,Giannis Antetokounmpo
22023,203507,0022300300,"DEC 11, 2023",MIL vs. CHI,W,41,9,13,0.692,0,0,0.0,14,18,0.778,1,11,12,6,2,0,2,2,32,13,1,Giannis Antetokounmpo
22023,203507,0022301229,"DEC 07, 2023",MIL vs. IND,L,41,13,19,0.684,0,1,0.0,11,13,0.846,1,9,10,2,0,2,1,3,37,-5,1,Giannis Antetokounmpo
22023,203507,0022301201,"DEC 05, 2023",MIL vs. NYK,W,34,15,22,0.682,1,1,1.0,4,9,0.444,3,5,8,10,3,0,4,3,35,19,1,Giannis Antetokounmpo
22023,203507,0022300286,"DEC 02, 2023",MIL vs. ATL,W,36,14,20,0.7,0,1,0.0,4,5,0.8,2,9,11,10,2,1,5,1,32,8,1,Giannis Antetokounmpo
22023,203507,0022300269,"NOV 30, 2023",MIL @ CHI,L,39,11,17,0.647,0,1,0.0,4,4,1.0,6,8,14,5,2,5,5,5,26,-8,1,Giannis Antetokounmpo
22023,203507,0022300056,"NOV 28, 2023",MIL @ MIA,W,40,11,16,0.688,1,2,0.5,10,13,0.769,2,8,10,5,3,1,4,3,33,18,1,Giannis Antetokounmpo
22023,203507,0022300245,"NOV 26, 2023",MIL vs. POR,W,39,11,21,0.524,0,1,0.0,11,18,0.611,6,10,16,6,1,3,4,5,33,9,1,Giannis Antetokounmpo
22023,203507,0022300049,"NOV 24, 2023",MIL vs. WAS,W,37,11,19,0.579,0,0,0.0,9,12,0.75,3,6,9,3,3,1,3,2,31,-10,1,Giannis Antetokounmpo
22023,203507,0022300228,"NOV 22, 2023",MIL @ BOS,L,37,7,20,0.35,0,3,0.0,7,10,0.7,3,10,13,5,2,0,3,4,21,6,1,Giannis Antetokounmpo
22023,203507,0022300219,"NOV 20, 2023",MIL @ WAS,W,34,20,23,0.87,0,0,0.0,2,6,0.333,6,7,13,8,1,1,5,2,42,10,1,Giannis Antetokounmpo
22023,203507,0022300205,"NOV 18, 2023",MIL vs. DAL,W,38,18,26,0.692,1,3,0.333,3,5,0.6,2,13,15,7,2,1,3,3,40,-7,1,Giannis Antetokounmpo
22023,203507,0022300027,"NOV 17, 2023",MIL @ CHA,W,28,6,10,0.6,0,0,0.0,4,7,0.571,0,8,8,9,1,0,4,5,16,6,1,Giannis Antetokounmpo
22023,203507,0022300190,"NOV 13, 2023",MIL vs. CHI,W,35,13,22,0.591,1,3,0.333,8,14,0.571,3,8,11,2,0,0,3,4,35,13,1,Giannis Antetokounmpo
22023,203507,0022300173,"NOV 11, 2023",MIL @ ORL,L,37,15,22,0.682,0,1,0.0,5,12,0.417,2,8,10,7,4,2,6,4,35,-11,1,Giannis Antetokounmpo
22023,203507,0022300171,"NOV 09, 2023",MIL @ IND,L,36,19,25,0.76,0,1,0.0,16,18,0.889,2,10,12,3,0,0,8,4,54,6,1,Giannis Antetokounmpo
22023,203507,0022300165,"NOV 08, 2023",MIL vs. DET,W,22,6,16,0.375,0,2,0.0,3,6,0.5,0,9,9,5,0,3,1,1,15,5,1,Giannis Antetokounmpo
22023,203507,0022300149,"NOV 06, 2023",MIL @ BKN,W,35,15,27,0.556,1,7,0.143,5,6,0.833,2,10,12,3,1,2,3,1,36,15,1,Giannis Antetokounmpo
22023,203507,0022300002,"NOV 03, 2023",MIL vs. NYK,W,36,6,10,0.6,3,3,1.0,7,13,0.538,1,7,8,6,0,1,7,3,22,13,1,Giannis Antetokounmpo
22023,203507,0022300116,"NOV 01, 2023",MIL @ TOR,L,28,5,11,0.455,0,0,0.0,6,9,0.667,3,1,4,2,1,0,3,3,16,-10,1,Giannis Antetokounmpo
22023,203507,0022300107,"OCT 30, 2023",MIL vs. MIA,W,32,12,21,0.571,1,3,0.333,8,11,0.727,1,6,7,2,0,1,2,3,33,18,1,Giannis Antetokounmpo
22023,203507,0022300097,"OCT 29, 2023",MIL vs. ATL,L,29,9,14,0.643,0,1,0.0,8,10,0.8,5,6,11,3,1,2,3,2,26,-11,1,Giannis Antetokounmpo
22023,203507,0022300075,"OCT 26, 2023",MIL vs. PHI,W,35,10,21,0.476,0,3,0.0,3,9,0.333,4,8,12,3,2,2,7,4,23,-13,1,Giannis Antetokounmpo
22023,1628983,0022301196,"APR 14, 2024",OKC vs. DAL,W,16,5,11,0.455,0,4,0.0,5,5,1.0,1,0,1,6,0,0,0,1,15,32,1,Shai Gilgeous-Alexander
22023,1628983,0022301179,"APR 12, 2024",OKC vs. MIL,W,29,7,21,0.333,0,7,0.0,9,9,1.0,1,6,7,3,0,1,0,1,23,10,1,Shai Gilgeous-Alexander
22023,1628983,0022301163,"APR 10, 2024",OKC vs. SAS,W,26,10,18,0.556,1,3,0.333,5,5,1.0,0,6,6,5,0,0,1,1,26,26,1,Shai Gilgeous-Alexander
22023,1628983,0022301153,"APR 09, 2024",OKC vs. SAC,W,38,11,21,0.524,2,3,0.667,16,20,0.8,1,6,7,4,2,2,5,2,40,6,1,Shai Gilgeous-Alexander
22023,1628983,0022301082,"MAR 31, 2024",OKC @ NYK,W,35,7,16,0.438,1,4,0.25,4,4,1.0,1,1,2,3,1,0,2,4,19,-15,1,Shai Gilgeous-Alexander
22023,1628983,0022301046,"MAR 26, 2024",OKC @ NOP,W,38,9,20,0.45,1,3,0.333,5,6,0.833,2,3,5,8,2,0,0,1,24,14,1,Shai Gilgeous-Alexander
22023,1628983,0022301030,"MAR 24, 2024",OKC @ MIL,L,30,5,12,0.417,0,3,0.0,2,3,0.667,0,3,3,2,3,1,4,0,12,-17,1,Shai Gilgeous-Alexander
22023,1628983,0022301012,"MAR 22, 2024",OKC @ TOR,W,33,9,20,0.45,1,5,0.2,4,6,0.667,1,6,7,8,3,1,6,4,23,7,1,Shai Gilgeous-Alexander
22023,1628983,0022301000,"MAR 20, 2024",OKC vs. UTA,W,33,12,22,0.545,2,4,0.5,5,6,0.833,1,2,3,7,4,0,1,3,31,5,1,Shai Gilgeous-Alexander
22023,1628983,0022300972,"MAR 16, 2024",OKC @ MEM,W,35,8,16,0.5,1,4,0.25,3,6,0.5,1,6,7,3,0,1,3,2,20,7,1,Shai Gilgeous-Alexander
22023,1628983,0022300959,"MAR 14, 2024",OKC vs. DAL,W,37,9,16,0.563,1,4,0.25,12,15,0.8,1,8,9,5,2,0,1,2,31,16,1,Shai Gilgeous-Alexander
22023,1628983,0022300941,"MAR 12, 2024",OKC vs. IND,L,37,12,27,0.444,1,7,0.143,5,6,0.833,2,8,10,5,2,1,4,4,30,-9,1,Shai Gilgeous-Alexander
22023,1628983,0022300931,"MAR 10, 2024",OKC vs. MEM,W,27,8,14,0.571,5,7,0.714,2,2,1.0,0,2,2,6,0,0,1,2,23,29,1,Shai Gilgeous-Alexander
22023,1628983,0022300914,"MAR 08, 2024",OKC vs. MIA,W,36,13,25,0.52,2,7,0.286,9,11,0.818,0,5,5,6,1,2,1,2,37,17,1,Shai Gilgeous-Alexander
22023,1628983,0022300900,"MAR 06, 2024",OKC @ POR,W,36,13,23,0.565,0,3,0.0,11,12,0.917,0,3,3,5,1,1,4,2,37,3,1,Shai Gilgeous-Alexander
22023,1628983,0022300884,"MAR 04, 2024",OKC @ LAL,L,30,5,13,0.385,1,2,0.5,9,9,1.0,2,5,7,4,4,2,4,3,20,-9,1,Shai Gilgeous-Alexander
22023,1628983,0022300878,"MAR 03, 2024",OKC @ PHX,W,38,15,27,0.556,0,5,0.0,5,7,0.714,0,8,8,9,3,3,1,4,35,13,1,Shai Gilgeous-Alexander
22023,1628983,0022300853,"FEB 29, 2024",OKC @ SAS,L,35,12,22,0.545,1,1,1.0,6,7,0.857,1,5,6,3,1,1,1,4,31,-7,1,Shai Gilgeous-Alexander
22023,1628983,0022300841,"FEB 27, 2024",OKC vs. HOU,W,32,11,21,0.524,4,6,0.667,5,6,0.833,2,6,8,3,1,0,2,2,31,6,1,Shai Gilgeous-Alexander
22023,1628983,0022300822,"FEB 25, 2024",OKC @ HOU,W,37,13,23,0.565,2,3,0.667,8,9,0.889,0,5,5,7,3,1,4,2,36,17,1,Shai Gilgeous-Alexander
22023,1628983,0022300809,"FEB 23, 2024",OKC vs. WAS,W,30,10,17,0.588,1,3,0.333,9,9,1.0,0,7,7,9,1,1,1,3,30,38,1,Shai Gilgeous-Alexander
22023,1628983,0022300799,"FEB 22, 2024",OKC vs. LAC,W,35,12,19,0.632,3,6,0.5,4,6,0.667,0,4,4,8,1,2,2,1,31,21,1,Shai Gilgeous-Alexander
22023,1628983,0022300772,"FEB 13, 2024",OKC @ ORL,W,34,11,24,0.458,1,1,1.0,9,10,0.9,0,3,3,5,2,1,1,5,32,0,1,Shai Gilgeous-Alexander
22023,1628983,0022300760,"FEB 11, 2024",OKC vs. SAC,W,39,15,26,0.577,3,4,0.75,5,9,0.556,0,3,3,7,1,2,1,0,38,16,1,Shai Gilgeous-Alexander
22023,1628983,0022300748,"FEB 10, 2024",OKC @ DAL,L,29,9,16,0.563,0,0,0.0,7,8,0.875,2,4,6,5,0,1,3,1,25,-31,1,Shai Gilgeous-Alexander
22023,1628983,0022300724,"FEB 06, 2024",OKC @ UTA,L,36,11,22,0.5,2,3,0.667,4,5,0.8,1,3,4,7,1,1,2,1,28,-3,1,Shai Gilgeous-Alexander
22023,1628983,0022300710,"FEB 04, 2024",OKC vs. TOR,W,48,9,17,0.529,2,5,0.4,3,3,1.0,1,8,9,14,2,3,2,5,23,7,1,Shai Gilgeous-Alexander
22023,1628983,0022300695,"FEB 02, 2024",OKC vs. CHA,W,30,11,15,0.733,1,1,1.0,8,10,0.8,0,3,3,9,5,3,3,2,31,34,1,Shai Gilgeous-Alexander
22023,1628983,0022300682,"JAN 31, 2024",OKC vs. DEN,W,36,10,22,0.455,2,3,0.667,12,13,0.923,1,6,7,5,1,2,2,4,34,-1,1,Shai Gilgeous-Alexander
22023,1628983,0022300664,"JAN 29, 2024",OKC vs. MIN,L,39,10,18,0.556,2,3,0.667,15,16,0.938,2,5,7,8,2,0,4,2,37,5,1,Shai Gilgeous-Alexander
22023,1628983,0022300654,"JAN 28, 2024",OKC @ DET,L,29,13,20,0.65,1,1,1.0,4,5,0.8,3,2,5,4,1,0,3,3,31,-6,1,Shai Gilgeous-Alexander
22023,1628983,0022300640,"JAN 26, 2024",OKC @ NOP,W,32,10,21,0.476,3,8,0.375,8,9,0.889,0,4,4,5,2,1,4,0,31,12,1,Shai Gilgeous-Alexander
22023,1628983,0022300622,"JAN 24, 2024",OKC @ SAS,W,29,9,15,0.6,2,2,1.0,12,12,1.0,2,4,6,10,2,1,4,3,32,20,1,Shai Gilgeous-Alexander
22023,1628983,0022300617,"JAN 23, 2024",OKC vs. POR,W,35,10,24,0.417,0,3,0.0,13,17,0.765,2,4,6,10,5,0,3,3,33,17,1,Shai Gilgeous-Alexander
22023,1628983,0022300599,"JAN 20, 2024",OKC @ MIN,W,37,10,22,0.455,1,2,0.5,12,13,0.923,1,1,2,6,2,0,2,0,33,14,1,Shai Gilgeous-Alexander
22023,1628983,0022300581,"JAN 18, 2024",OKC @ UTA,W,35,8,15,0.533,0,1,0.0,15,17,0.882,1,5,6,6,1,1,4,4,31,-1,1,Shai Gilgeous-Alexander
22023,1628983,0022300568,"JAN 16, 2024",OKC @ LAC,L,34,6,16,0.375,0,3,0.0,7,8,0.875,1,1,2,4,0,2,2,4,19,-19,1,Shai Gilgeous-Alexander
22023,1628983,0022300565,"JAN 15, 2024",OKC @ LAL,L,34,9,19,0.474,1,6,0.167,5,5,1.0,0,3,3,6,1,1,3,3,24,-12,1,Shai Gilgeous-Alexander
22023,1628983,0022300546,"JAN 13, 2024",OKC vs. ORL,W,36,13,20,0.65,0,4,0.0,11,12,0.917,2,4,6,7,3,1,0,2,37,14,1,Shai Gilgeous-Alexander
22023,1628983,0022300529,"JAN 11, 2024",OKC vs. POR,W,21,11,15,0.733,1,3,0.333,8,8,1.0,1,4,5,4,0,1,2,2,31,41,1,Shai Gilgeous-Alexander
22023,1628983,0022300522,"JAN 10, 2024",OKC @ MIA,W,34,11,17,0.647,2,5,0.4,4,5,0.8,0,2,2,8,1,1,3,3,28,-3,1,Shai Gilgeous-Alexander
22023,1628983,0022300508,"JAN 08, 2024",OKC @ WAS,W,36,11,17,0.647,2,3,0.667,8,10,0.8,1,5,6,5,3,1,3,5,32,3,1,Shai Gilgeous-Alexander
22023,1628983,0022300481,"JAN 05, 2024",OKC @ BKN,L,36,11,19,0.579,2,5,0.4,10,15,0.667,1,8,9,6,0,0,2,5,34,-10,1,Shai Gilgeous-Alexander
22023,1628983,0022300467,"JAN 03, 2024",OKC @ ATL,L,35,11,24,0.458,2,3,0.667,9,11,0.818,1,12,13,8,0,0,2,2,33,2,1,Shai Gilgeous-Alexander
22023,1628983,0022300462,"JAN 02, 2024",OKC vs. BOS,W,37,14,22,0.636,3,5,0.6,5,8,0.625,0,6,6,7,1,0,0,5,36,3,1,Shai Gilgeous-Alexander
22023,1628983,0022300447,"DEC 31, 2023",OKC vs. BKN,W,35,7,15,0.467,1,2,0.5,9,9,1.0,0,4,4,6,0,0,1,2,24,9,1,Shai Gilgeous-Alexander
22023,1628983,0022300435,"DEC 29, 2023",OKC @ DEN,W,33,14,20,0.7,2,3,0.667,10,10,1.0,0,4,4,3,2,1,1,3,40,21,1,Shai Gilgeous-Alexander
22023,1628983,0022300419,"DEC 27, 2023",OKC vs. NYK,W,36,13,23,0.565,2,5,0.4,8,9,0.889,1,6,7,8,2,2,1,0,36,12,1,Shai Gilgeous-Alexander
22023,1628983,0022300411,"DEC 26, 2023",OKC vs. MIN,W,33,14,19,0.737,0,3,0.0,6,7,0.857,0,6,6,9,2,1,3,3,34,16,1,Shai Gilgeous-Alexander
22023,1628983,0022300397,"DEC 23, 2023",OKC vs. LAL,L,38,12,21,0.571,1,5,0.2,9,10,0.9,1,4,5,7,3,0,3,2,34,-6,1,Shai Gilgeous-Alexander
22023,1628983,0022300379,"DEC 21, 2023",OKC vs. LAC,W,32,11,25,0.44,1,6,0.167,8,9,0.889,2,6,8,4,4,2,1,0,31,9,1,Shai Gilgeous-Alexander
22023,1628983,0022300355,"DEC 18, 2023",OKC vs. MEM,W,28,8,18,0.444,1,3,0.333,13,14,0.929,0,9,9,5,4,0,2,4,30,30,1,Shai Gilgeous-Alexander
22023,1628983,0022300340,"DEC 16, 2023",OKC @ DEN,W,37,9,20,0.45,0,2,0.0,7,8,0.875,0,6,6,8,2,0,2,1,25,3,1,Shai Gilgeous-Alexander
22023,1628983,0022300324,"DEC 14, 2023",OKC @ SAC,L,38,13,27,0.481,1,5,0.2,16,18,0.889,2,4,6,9,2,0,3,2,43,3,1,Shai Gilgeous-Alexander
22023,1628983,0022300302,"DEC 11, 2023",OKC vs. UTA,W,28,12,17,0.706,0,1,0.0,6,6,1.0,1,3,4,7,3,0,1,1,30,35,1,Shai Gilgeous-Alexander
22023,1628983,0022301222,"DEC 08, 2023",OKC vs. GSW,W,42,15,30,0.5,0,3,0.0,8,11,0.727,3,2,5,5,5,1,0,4,38,11,1,Shai Gilgeous-Alexander
22023,1628983,0022301212,"DEC 06, 2023",OKC @ HOU,L,37,13,18,0.722,0,0,0.0,7,9,0.778,0,3,3,6,6,1,2,4,33,-6,1,Shai Gilgeous-Alexander
22023,1628983,0022300287,"DEC 02, 2023",OKC @ DAL,W,39,6,13,0.462,2,3,0.667,3,4,0.75,1,2,3,9,5,1,2,4,17,8,1,Shai Gilgeous-Alexander
22023,1628983,0022300271,"NOV 30, 2023",OKC vs. LAL,W,35,11,18,0.611,1,4,0.25,10,10,1.0,0,4,4,7,1,0,0,4,33,15,1,Shai Gilgeous-Alexander
22023,1628983,0022300058,"NOV 28, 2023",OKC @ MIN,L,34,13,22,0.591,0,1,0.0,6,6,1.0,1,3,4,4,3,2,3,2,32,4,1,Shai Gilgeous-Alexander
22023,1628983,0022300239,"NOV 25, 2023",OKC vs. PHI,L,36,10,21,0.476,1,2,0.5,10,10,1.0,3,3,6,5,2,0,1,3,31,1,1,Shai Gilgeous-Alexander
22023,1628983,0022300234,"NOV 22, 2023",OKC vs. CHI,W,37,11,19,0.579,1,3,0.333,17,18,0.944,1,4,5,12,1,3,2,2,40,16,1,Shai Gilgeous-Alexander
22023,1628983,0022300215,"NOV 19, 2023",OKC @ POR,W,23,10,13,0.769,1,1,1.0,7,7,1.0,0,3,3,4,1,0,3,2,28,26,1,Shai Gilgeous-Alexander
22023,1628983,0022300207,"NOV 18, 2023",OKC @ GSW,W,41,18,29,0.621,2,3,0.667,2,2,1.0,1,6,7,6,2,2,3,1,40,7,1,Shai Gilgeous-Alexander
22023,1628983,0022300201,"NOV 16, 2023",OKC @ GSW,W,29,6,21,0.286,3,7,0.429,9,9,1.0,1,1,2,7,3,1,2,4,24,12,1,Shai Gilgeous-Alexander
22023,1628983,0022300021,"NOV 14, 2023",OKC vs. SAS,W,28,10,16,0.625,1,4,0.25,7,7,1.0,1,5,6,5,7,0,2,2,28,25,1,Shai Gilgeous-Alexander
22023,1628983,0022300185,"NOV 12, 2023",OKC @ PHX,W,37,13,22,0.591,2,5,0.4,7,8,0.875,0,7,7,4,1,1,1,3,35,7,1,Shai Gilgeous-Alexander
22023,1628983,0022300016,"NOV 10, 2023",OKC @ SAC,L,38,14,25,0.56,0,2,0.0,5,6,0.833,0,7,7,5,2,2,2,1,33,-3,1,Shai Gilgeous-Alexander
22023,1628983,0022300167,"NOV 08, 2023",OKC vs. CLE,W,38,15,22,0.682,1,2,0.5,12,13,0.923,2,5,7,6,2,1,3,3,43,10,1,Shai Gilgeous-Alexander
22023,1628983,0022300155,"NOV 06, 2023",OKC vs. ATL,W,37,11,20,0.55,3,7,0.429,5,6,0.833,1,7,8,6,1,0,2,5,30,14,1,Shai Gilgeous-Alexander
22023,1628983,0022300121,"NOV 01, 2023",OKC vs. NOP,L,38,8,20,0.4,0,5,0.0,4,5,0.8,0,5,5,8,3,0,2,2,20,1,1,Shai Gilgeous-Alexander
22023,1628983,0022300109,"OCT 30, 2023",OKC vs. DET,W,33,11,23,0.478,1,3,0.333,9,9,1.0,1,8,9,4,3,0,5,2,32,17,1,Shai Gilgeous-Alexander
22023,1628983,0022300095,"OCT 29, 2023",OKC vs. DEN,L,28,2,16,0.125,0,4,0.0,3,4,0.75,1,3,4,7,1,0,0,2,7,-22,1,Shai Gilgeous-Alexander
22023,1628983,0022300081,"OCT 27, 2023",OKC @ CLE,W,36,15,26,0.577,2,2,1.0,2,2,1.0,1,10,11,4,5,1,5,2,34,4,1,Shai Gilgeous-Alexander
22023,1628983,0022300070,"OCT 25, 2023",OKC @ CHI,W,36,12,18,0.667,2,5,0.4,5,5,1.0,0,5,5,10,1,2,1,0,31,19,1,Shai Gilgeous-Alexander
22023,203954,0022301171,"APR 12, 2024",PHI vs. ORL,W,32,10,23,0.435,4,7,0.571,8,9,0.889,0,13,13,7,0,1,4,2,32,22,1,Joel Embiid
22023,203954,0022301145,"APR 09, 2024",PHI vs. DET,W,36,12,22,0.545,4,9,0.444,9,10,0.9,2,9,11,8,3,2,5,4,37,17,1,Joel Embiid
22023,203954,0022301129,"APR 06, 2024",PHI @ MEM,W,23,9,13,0.692,2,2,1.0,10,13,0.769,3,9,12,1,0,2,8,2,30,15,1,Joel Embiid
22023,203954,0022301111,"APR 04, 2024",PHI @ MIA,W,33,11,25,0.44,3,6,0.5,4,5,0.8,0,4,4,3,1,1,1,2,29,-19,1,Joel Embiid
22023,203954,0022301093,"APR 02, 2024",PHI vs. OKC,W,29,6,14,0.429,0,3,0.0,12,12,1.0,1,5,6,7,3,0,6,4,24,-2,1,Joel Embiid
22023,203954,0022300673,"JAN 30, 2024",PHI @ GSW,L,30,5,18,0.278,2,6,0.333,2,2,1.0,1,6,7,2,2,0,8,5,14,-21,1,Joel Embiid
22023,203954,0022300627,"JAN 25, 2024",PHI @ IND,L,31,11,20,0.55,2,4,0.5,7,10,0.7,1,6,7,3,0,0,2,1,31,-20,1,Joel Embiid
22023,203954,0022300608,"JAN 22, 2024",PHI vs. SAS,W,37,24,41,0.585,1,2,0.5,21,23,0.913,9,9,18,5,1,1,1,2,70,11,1,Joel Embiid
22023,203954,0022300593,"JAN 20, 2024",PHI @ CHA,W,37,11,23,0.478,0,1,0.0,11,12,0.917,1,9,10,5,0,3,3,2,33,-2,1,Joel Embiid
22023,203954,0022300585,"JAN 19, 2024",PHI @ ORL,W,31,12,22,0.545,1,2,0.5,11,11,1.0,1,6,7,2,4,0,1,1,36,12,1,Joel Embiid
22023,203954,0022300566,"JAN 16, 2024",PHI vs. DEN,W,39,13,22,0.591,3,6,0.5,12,15,0.8,1,6,7,10,0,1,3,4,41,0,1,Joel Embiid
22023,203954,0022300555,"JAN 15, 2024",PHI vs. HOU,W,31,12,21,0.571,1,5,0.2,16,17,0.941,2,8,10,3,1,1,2,5,41,7,1,Joel Embiid
22023,203954,0022300483,"JAN 05, 2024",PHI vs. NYK,L,36,10,23,0.435,1,1,1.0,9,12,0.75,3,7,10,3,1,3,6,3,30,-29,1,Joel Embiid
22023,203954,0022300459,"JAN 02, 2024",PHI vs. CHI,W,31,10,20,0.5,2,5,0.4,9,12,0.75,0,15,15,10,1,2,4,4,31,32,1,Joel Embiid
22023,203954,0022300382,"DEC 22, 2023",PHI vs. TOR,W,35,11,21,0.524,2,2,1.0,7,8,0.875,1,9,10,9,2,4,6,1,31,2,1,Joel Embiid
22023,203954,0022300367,"DEC 20, 2023",PHI vs. MIN,W,36,17,25,0.68,0,1,0.0,17,18,0.944,2,10,12,3,2,1,2,5,51,3,1,Joel Embiid
22023,203954,0022300351,"DEC 18, 2023",PHI vs. CHI,L,37,15,28,0.536,2,6,0.333,8,9,0.889,1,13,14,6,0,2,4,5,40,-5,1,Joel Embiid
22023,203954,0022300335,"DEC 16, 2023",PHI @ CHA,W,30,18,23,0.783,0,1,0.0,6,6,1.0,0,15,15,3,1,2,4,2,42,36,1,Joel Embiid
22023,203954,0022300327,"DEC 15, 2023",PHI vs. DET,W,29,9,19,0.474,2,3,0.667,15,16,0.938,0,13,13,2,2,4,4,2,35,28,1,Joel Embiid
22023,203954,0022300310,"DEC 13, 2023",PHI @ DET,W,31,14,24,0.583,1,3,0.333,12,12,1.0,4,7,11,5,2,0,2,1,41,27,1,Joel Embiid
22023,203954,0022300295,"DEC 11, 2023",PHI vs. WAS,W,30,14,20,0.7,2,5,0.4,4,4,1.0,0,11,11,6,2,1,7,4,34,30,1,Joel Embiid
22023,203954,0022301218,"DEC 08, 2023",PHI vs. ATL,W,36,12,24,0.5,1,3,0.333,13,15,0.867,4,10,14,3,1,4,2,1,38,16,1,Joel Embiid
22023,203954,0022301208,"DEC 06, 2023",PHI @ WAS,W,38,19,29,0.655,1,2,0.5,11,13,0.846,6,7,13,7,1,1,6,2,50,8,1,Joel Embiid
22023,203954,0022300255,"NOV 27, 2023",PHI vs. LAL,W,31,9,15,0.6,2,3,0.667,10,12,0.833,4,7,11,11,1,1,3,2,30,11,1,Joel Embiid
22023,203954,0022300239,"NOV 25, 2023",PHI @ OKC,W,37,8,18,0.444,0,4,0.0,19,21,0.905,4,7,11,9,1,4,4,5,35,7,1,Joel Embiid
22023,203954,0022300040,"NOV 21, 2023",PHI vs. CLE,L,41,9,21,0.429,1,3,0.333,13,16,0.813,3,10,13,5,2,5,6,6,32,3,1,Joel Embiid
22023,203954,0022300208,"NOV 19, 2023",PHI @ BKN,W,31,11,24,0.458,1,2,0.5,9,10,0.9,2,10,12,9,0,1,1,3,32,25,1,Joel Embiid
22023,203954,0022300029,"NOV 17, 2023",PHI @ ATL,W,37,10,19,0.526,1,3,0.333,11,11,1.0,2,5,7,8,2,0,4,3,32,16,1,Joel Embiid
22023,203954,0022300194,"NOV 15, 2023",PHI vs. BOS,L,34,8,16,0.5,0,2,0.0,4,4,1.0,3,6,9,7,1,0,2,3,20,-25,1,Joel Embiid
22023,203954,0022300019,"NOV 14, 2023",PHI vs. IND,L,38,11,22,0.5,0,4,0.0,17,17,1.0,3,9,12,6,3,0,5,4,39,-9,1,Joel Embiid
22023,203954,0022300180,"NOV 12, 2023",PHI vs. IND,W,33,12,26,0.462,1,4,0.25,12,14,0.857,8,5,13,7,1,1,3,2,37,-1,1,Joel Embiid
22023,203954,0022300008,"NOV 10, 2023",PHI @ DET,W,36,8,21,0.381,1,4,0.25,16,19,0.842,7,9,16,3,0,2,5,3,33,1,1,Joel Embiid
22023,203954,0022300159,"NOV 08, 2023",PHI vs. BOS,W,37,10,20,0.5,1,4,0.25,6,6,1.0,1,9,10,4,1,4,6,3,27,4,1,Joel Embiid
22023,203954,0022300148,"NOV 06, 2023",PHI vs. WAS,W,31,17,25,0.68,0,2,0.0,14,14,1.0,2,9,11,6,1,1,1,2,48,15,1,Joel Embiid
22023,203954,0022300132,"NOV 04, 2023",PHI vs. PHX,W,31,9,18,0.5,3,3,1.0,5,5,1.0,3,8,11,3,0,1,4,2,26,4,1,Joel Embiid
22023,203954,0022300128,"NOV 02, 2023",PHI vs. TOR,W,35,8,22,0.364,0,2,0.0,12,13,0.923,5,8,13,7,0,1,4,2,28,22,1,Joel Embiid
22023,203954,0022300098,"OCT 29, 2023",PHI vs. POR,W,29,12,22,0.545,2,4,0.5,9,12,0.75,5,10,15,7,2,6,3,3,35,28,1,Joel Embiid
22023,203954,0022300092,"OCT 28, 2023",PHI @ TOR,W,35,14,21,0.667,1,3,0.333,5,6,0.833,0,9,9,8,1,2,1,0,34,-2,1,Joel Embiid
22023,203954,0022300075,"OCT 26, 2023",PHI @ MIL,L,36,9,21,0.429,3,7,0.429,3,8,0.375,0,7,7,6,0,1,7,5,24,-1,1,Joel Embiid
22023,1628369,0022301167,"APR 11, 2024",BOS vs. NYK,L,32,5,13,0.385,1,7,0.143,7,9,0.778,1,3,4,7,2,1,2,3,18,-30,1,Jayson Tatum
22023,1628369,0022301148,"APR 09, 2024",BOS @ MIL,L,37,9,19,0.474,4,9,0.444,0,0,0.0,0,5,5,6,0,1,2,1,22,-11,1,Jayson Tatum
22023,1628369,0022301118,"APR 05, 2024",BOS vs. SAC,W,33,5,15,0.333,1,6,0.167,6,8,0.75,0,6,6,5,0,0,3,0,17,14,1,Jayson Tatum
22023,1628369,0022301105,"APR 03, 2024",BOS vs. OKC,W,29,7,15,0.467,2,5,0.4,8,8,1.0,3,4,7,3,1,0,0,2,24,14,1,Jayson Tatum
22023,1628369,0022301087,"APR 01, 2024",BOS @ CHA,W,34,9,19,0.474,4,10,0.4,3,3,1.0,0,10,10,4,2,1,4,2,25,14,1,Jayson Tatum
22023,1628369,0022301074,"MAR 30, 2024",BOS @ NOP,W,36,10,17,0.588,3,6,0.5,0,0,0.0,1,8,9,4,0,0,4,1,23,8,1,Jayson Tatum
22023,1628369,0022301060,"MAR 28, 2024",BOS @ ATL,L,45,9,22,0.409,2,7,0.286,11,13,0.846,3,10,13,6,0,0,2,3,31,-11,1,Jayson Tatum
22023,1628369,0022301034,"MAR 25, 2024",BOS @ ATL,L,39,13,26,0.5,2,7,0.286,9,11,0.818,2,6,8,5,2,1,2,1,37,3,1,Jayson Tatum
22023,1628369,0022301023,"MAR 23, 2024",BOS @ CHI,W,37,8,20,0.4,2,7,0.286,8,9,0.889,1,1,2,6,1,1,5,1,26,5,1,Jayson Tatum
22023,1628369,0022300998,"MAR 20, 2024",BOS vs. MIL,W,39,9,19,0.474,4,7,0.571,9,10,0.9,0,8,8,4,3,2,2,2,31,2,1,Jayson Tatum
22023,1628369,0022300980,"MAR 17, 2024",BOS @ WAS,W,27,8,17,0.471,6,12,0.5,8,10,0.8,0,6,6,6,3,1,2,1,30,26,1,Jayson Tatum
22023,1628369,0022300955,"MAR 14, 2024",BOS vs. PHX,W,33,10,18,0.556,4,8,0.5,2,3,0.667,1,4,5,5,0,0,3,3,26,26,1,Jayson Tatum
22023,1628369,0022300943,"MAR 12, 2024",BOS @ UTA,W,34,13,25,0.52,4,10,0.4,8,8,1.0,2,4,6,2,0,1,3,3,38,8,1,Jayson Tatum
22023,1628369,0022300938,"MAR 11, 2024",BOS @ POR,W,36,9,23,0.391,2,8,0.25,6,8,0.75,0,5,5,8,0,0,1,0,26,16,1,Jayson Tatum
22023,1628369,0022300920,"MAR 09, 2024",BOS @ PHX,W,42,11,28,0.393,5,9,0.556,2,2,1.0,3,7,10,7,1,0,4,0,29,4,1,Jayson Tatum
22023,1628369,0022300906,"MAR 07, 2024",BOS @ DEN,L,39,5,13,0.385,2,5,0.4,3,4,0.75,1,3,4,8,2,0,5,4,15,-2,1,Jayson Tatum
22023,1628369,0022300886,"MAR 05, 2024",BOS @ CLE,L,38,8,21,0.381,5,9,0.556,5,6,0.833,2,11,13,2,0,0,2,3,26,-7,1,Jayson Tatum
22023,1628369,0022300872,"MAR 03, 2024",BOS vs. GSW,W,25,9,13,0.692,4,5,0.8,5,5,1.0,0,3,3,5,1,1,0,2,27,40,1,Jayson Tatum
22023,1628369,0022300859,"MAR 01, 2024",BOS vs. DAL,W,37,10,19,0.526,5,9,0.556,7,7,1.0,0,8,8,3,0,0,4,2,32,17,1,Jayson Tatum
22023,1628369,0022300836,"FEB 27, 2024",BOS vs. PHI,W,35,9,20,0.45,1,7,0.143,10,11,0.909,0,11,11,8,0,1,1,1,29,27,1,Jayson Tatum
22023,1628369,0022300816,"FEB 24, 2024",BOS @ NYK,W,43,7,15,0.467,2,8,0.25,3,4,0.75,1,5,6,6,2,1,4,3,19,15,1,Jayson Tatum
22023,1628369,0022300797,"FEB 22, 2024",BOS @ CHI,W,35,8,17,0.471,5,10,0.5,4,6,0.667,0,7,7,5,3,0,3,3,25,13,1,Jayson Tatum
22023,1628369,0022300780,"FEB 14, 2024",BOS vs. BKN,W,28,7,16,0.438,2,7,0.286,4,5,0.8,1,6,7,9,0,0,1,0,20,27,1,Jayson Tatum
22023,1628369,0022300771,"FEB 13, 2024",BOS @ BKN,W,39,14,26,0.538,5,11,0.455,8,8,1.0,0,14,14,5,2,1,2,3,41,21,1,Jayson Tatum
22023,1628369,0022300759,"FEB 11, 2024",BOS @ MIA,W,39,11,20,0.55,2,6,0.333,2,2,1.0,1,9,10,9,0,2,1,1,26,5,1,Jayson Tatum
22023,1628369,0022300743,"FEB 09, 2024",BOS vs. WAS,W,38,12,22,0.545,3,10,0.3,8,9,0.889,1,9,10,8,1,2,2,1,35,9,1,Jayson Tatum
22023,1628369,0022300729,"FEB 07, 2024",BOS vs. ATL,W,36,8,21,0.381,2,13,0.154,2,2,1.0,0,9,9,7,1,0,3,3,20,3,1,Jayson Tatum
22023,1628369,0022300706,"FEB 04, 2024",BOS vs. MEM,W,31,12,22,0.545,6,12,0.5,4,4,1.0,1,7,8,7,1,0,2,1,34,27,1,Jayson Tatum
22023,1628369,0022300684,"FEB 01, 2024",BOS vs. LAL,L,37,8,21,0.381,5,10,0.5,2,2,1.0,2,5,7,3,1,1,2,3,23,-12,1,Jayson Tatum
22023,1628369,0022300670,"JAN 30, 2024",BOS vs. IND,W,39,12,19,0.632,4,9,0.444,2,3,0.667,0,7,7,7,1,2,2,2,30,-4,1,Jayson Tatum
22023,1628369,0022300659,"JAN 29, 2024",BOS vs. NOP,W,38,10,18,0.556,2,8,0.25,6,7,0.857,0,10,10,8,3,1,7,1,28,9,1,Jayson Tatum
22023,1628369,0022300646,"JAN 27, 2024",BOS vs. LAC,L,30,8,18,0.444,2,4,0.5,3,3,1.0,3,8,11,1,0,1,3,2,21,-32,1,Jayson Tatum
22023,1628369,0022300630,"JAN 25, 2024",BOS @ MIA,W,32,7,15,0.467,3,7,0.429,9,10,0.9,1,7,8,4,0,0,1,1,26,22,1,Jayson Tatum
22023,1628369,0022300611,"JAN 22, 2024",BOS @ DAL,W,41,11,21,0.524,2,8,0.25,15,19,0.789,0,11,11,5,3,2,0,4,39,27,1,Jayson Tatum
22023,1628369,0022300603,"JAN 21, 2024",BOS @ HOU,W,35,4,17,0.235,1,6,0.167,9,12,0.75,1,6,7,3,1,0,2,0,18,-4,1,Jayson Tatum
22023,1628369,0022300586,"JAN 19, 2024",BOS vs. DEN,L,39,9,24,0.375,1,8,0.125,3,3,1.0,2,6,8,5,1,0,0,1,22,6,1,Jayson Tatum
22023,1628369,0022300571,"JAN 17, 2024",BOS vs. SAS,W,32,9,21,0.429,3,8,0.375,3,5,0.6,0,5,5,2,0,0,2,2,24,11,1,Jayson Tatum
22023,1628369,0022300563,"JAN 15, 2024",BOS @ TOR,W,37,7,19,0.368,1,6,0.167,4,4,1.0,0,14,14,6,1,1,1,2,19,8,1,Jayson Tatum
22023,1628369,0022300542,"JAN 13, 2024",BOS vs. HOU,W,30,9,17,0.529,4,7,0.571,5,7,0.714,1,7,8,5,1,1,2,2,27,9,1,Jayson Tatum
22023,1628369,0022300528,"JAN 11, 2024",BOS @ MIL,L,16,2,6,0.333,0,1,0.0,3,4,0.75,0,1,1,3,0,0,1,2,7,-31,1,Jayson Tatum
22023,1628369,0022300517,"JAN 10, 2024",BOS vs. MIN,W,42,13,26,0.5,6,11,0.545,13,14,0.929,0,4,4,2,1,0,1,3,45,3,1,Jayson Tatum
22023,1628369,0022300493,"JAN 06, 2024",BOS @ IND,W,38,14,23,0.609,8,13,0.615,2,4,0.5,1,12,13,6,1,0,4,4,38,19,1,Jayson Tatum
22023,1628369,0022300479,"JAN 05, 2024",BOS vs. UTA,W,25,6,12,0.5,5,8,0.625,13,14,0.929,0,9,9,5,1,1,1,1,30,34,1,Jayson Tatum
22023,1628369,0022300462,"JAN 02, 2024",BOS @ OKC,L,38,10,21,0.476,2,5,0.4,8,10,0.8,5,8,13,8,1,0,4,3,30,0,1,Jayson Tatum
22023,1628369,0022300448,"DEC 31, 2023",BOS @ SAS,W,31,10,17,0.588,5,10,0.5,0,0,0.0,1,5,6,2,0,2,3,1,25,32,1,Jayson Tatum
22023,1628369,0022300421,"DEC 28, 2023",BOS vs. DET,W,43,11,31,0.355,2,11,0.182,7,8,0.875,2,5,7,10,5,0,3,4,31,10,1,Jayson Tatum
22023,1628369,0022300403,"DEC 25, 2023",BOS @ LAL,W,41,6,15,0.4,1,6,0.167,12,13,0.923,0,8,8,7,0,1,1,0,25,10,1,Jayson Tatum
22023,1628369,0022300389,"DEC 23, 2023",BOS @ LAC,W,30,9,16,0.563,5,10,0.5,7,9,0.778,0,4,4,2,1,0,2,0,30,19,1,Jayson Tatum
22023,1628369,0022300362,"DEC 19, 2023",BOS @ GSW,L,41,5,17,0.294,2,9,0.222,3,3,1.0,3,5,8,7,2,0,0,0,15,-9,1,Jayson Tatum
22023,1628369,0022300344,"DEC 17, 2023",BOS vs. ORL,W,31,8,21,0.381,4,6,0.667,3,4,0.75,3,5,8,3,0,1,1,3,23,9,1,Jayson Tatum
22023,1628369,0022300329,"DEC 15, 2023",BOS vs. ORL,W,39,11,22,0.5,2,9,0.222,6,9,0.667,0,6,6,4,0,0,2,3,30,14,1,Jayson Tatum
22023,1628369,0022300319,"DEC 14, 2023",BOS vs. CLE,W,36,9,22,0.409,3,10,0.3,6,8,0.75,3,8,11,3,0,3,3,1,27,2,1,Jayson Tatum
22023,1628369,0022300305,"DEC 12, 2023",BOS vs. CLE,W,41,7,19,0.368,2,9,0.222,9,9,1.0,0,10,10,5,0,2,4,3,25,9,1,Jayson Tatum
22023,1628369,0022301227,"DEC 08, 2023",BOS vs. NYK,W,39,8,18,0.444,3,9,0.333,6,8,0.75,0,6,6,5,1,0,0,3,25,17,1,Jayson Tatum
22023,1628369,0022301202,"DEC 04, 2023",BOS @ IND,L,37,13,26,0.5,2,8,0.25,4,7,0.571,1,11,12,6,1,0,2,2,32,-14,1,Jayson Tatum
22023,1628369,0022300275,"DEC 01, 2023",BOS vs. PHI,W,27,6,9,0.667,2,5,0.4,7,9,0.778,0,7,7,4,1,1,7,1,21,-7,1,Jayson Tatum
22023,1628369,0022300053,"NOV 28, 2023",BOS vs. CHI,W,36,8,16,0.5,2,8,0.25,3,3,1.0,1,6,7,4,0,0,4,2,21,18,1,Jayson Tatum
22023,1628369,0022300246,"NOV 26, 2023",BOS vs. ATL,W,39,11,25,0.44,5,13,0.385,7,10,0.7,1,8,9,4,2,0,6,2,34,3,1,Jayson Tatum
22023,1628369,0022300043,"NOV 24, 2023",BOS @ ORL,L,39,7,16,0.438,0,3,0.0,12,13,0.923,0,5,5,3,2,0,2,3,26,-21,1,Jayson Tatum
22023,1628369,0022300228,"NOV 22, 2023",BOS vs. MIL,W,36,7,17,0.412,2,9,0.222,7,9,0.778,0,11,11,4,0,1,2,2,23,-2,1,Jayson Tatum
22023,1628369,0022300217,"NOV 20, 2023",BOS @ CHA,L,44,15,28,0.536,7,15,0.467,8,10,0.8,0,13,13,6,0,2,3,1,45,-5,1,Jayson Tatum
22023,1628369,0022300213,"NOV 19, 2023",BOS @ MEM,W,35,7,13,0.538,1,1,1.0,5,6,0.833,2,7,9,5,1,1,8,4,20,-1,1,Jayson Tatum
22023,1628369,0022300031,"NOV 17, 2023",BOS @ TOR,W,37,8,22,0.364,1,11,0.091,0,0,0.0,1,6,7,2,1,0,3,3,17,-4,1,Jayson Tatum
22023,1628369,0022300194,"NOV 15, 2023",BOS @ PHI,W,39,10,23,0.435,4,10,0.4,5,6,0.833,2,6,8,6,2,0,3,1,29,2,1,Jayson Tatum
22023,1628369,0022300188,"NOV 13, 2023",BOS vs. NYK,W,39,13,23,0.565,5,12,0.417,4,5,0.8,1,5,6,7,1,0,3,5,35,12,1,Jayson Tatum
22023,1628369,0022300174,"NOV 11, 2023",BOS vs. TOR,W,34,10,18,0.556,3,9,0.333,4,6,0.667,0,5,5,4,0,1,1,2,27,42,1,Jayson Tatum
22023,1628369,0022300010,"NOV 10, 2023",BOS vs. BKN,W,33,6,17,0.353,4,11,0.364,7,9,0.778,1,9,10,3,0,0,2,1,23,28,1,Jayson Tatum
22023,1628369,0022300159,"NOV 08, 2023",BOS @ PHI,L,37,6,14,0.429,2,6,0.333,2,3,0.667,1,14,15,6,3,0,2,2,16,-1,1,Jayson Tatum
22023,1628369,0022300154,"NOV 06, 2023",BOS @ MIN,L,43,12,22,0.545,2,8,0.25,6,8,0.75,0,5,5,2,5,0,6,2,32,3,1,Jayson Tatum
22023,1628369,0022300136,"NOV 04, 2023",BOS @ BKN,W,41,10,20,0.5,6,10,0.6,6,6,1.0,1,10,11,1,0,0,3,1,32,18,1,Jayson Tatum
22023,1628369,0022300118,"NOV 01, 2023",BOS vs. IND,W,27,9,15,0.6,3,5,0.6,9,10,0.9,2,10,12,4,0,0,2,1,30,36,1,Jayson Tatum
22023,1628369,0022300103,"OCT 30, 2023",BOS @ WAS,W,28,14,21,0.667,4,9,0.444,1,1,1.0,0,6,6,3,0,0,2,2,33,27,1,Jayson Tatum
22023,1628369,0022300080,"OCT 27, 2023",BOS vs. MIA,W,41,9,22,0.409,3,10,0.3,1,3,0.333,0,8,8,5,1,0,2,4,22,13,1,Jayson Tatum
22023,1628369,0022300065,"OCT 25, 2023",BOS @ NYK,W,39,13,22,0.591,3,8,0.375,5,6,0.833,0,11,11,4,2,1,4,3,34,0,1,Jayson Tatum
22023,201939,0022301182,"APR 12, 2024",GSW vs. NOP,L,32,12,23,0.522,7,13,0.538,2,2,1.0,0,4,4,5,1,0,7,2,33,-8,1,Stephen Curry
22023,201939,0022301169,"APR 11, 2024",GSW @ POR,W,36,8,22,0.364,5,16,0.313,1,1,1.0,0,7,7,8,1,2,2,0,22,7,1,Stephen Curry
22023,201939,0022301155,"APR 09, 2024",GSW @ LAL,W,32,7,9,0.778,6,6,1.0,3,4,0.75,0,7,7,8,1,2,1,2,23,13,1,Stephen Curry
22023,201939,0022301097,"APR 05, 2024",GSW @ DAL,L,35,9,23,0.391,5,14,0.357,5,6,0.833,1,5,6,5,1,0,2,2,28,-5,1,Stephen Curry
22023,201939,0022301113,"APR 04, 2024",GSW @ HOU,W,31,9,14,0.643,2,6,0.333,9,9,1.0,0,6,6,6,0,0,3,2,29,29,1,Stephen Curry
22023,201939,0022300589,"APR 02, 2024",GSW vs. DAL,W,32,5,18,0.278,3,5,0.6,0,0,0.0,0,7,7,7,1,2,4,1,13,-4,1,Stephen Curry
22023,201939,0022301085,"MAR 31, 2024",GSW @ SAS,W,33,12,23,0.522,7,15,0.467,2,2,1.0,0,1,1,8,0,0,4,1,33,12,1,Stephen Curry
22023,201939,0022301062,"MAR 29, 2024",GSW @ CHA,W,32,9,18,0.5,4,11,0.364,1,1,1.0,0,1,1,4,1,0,0,1,23,13,1,Stephen Curry
22023,201939,0022301049,"MAR 27, 2024",GSW @ ORL,W,35,6,18,0.333,3,8,0.375,2,2,1.0,0,4,4,10,0,0,2,2,17,18,1,Stephen Curry
22023,201939,0022301044,"MAR 26, 2024",GSW @ MIA,W,31,7,15,0.467,3,10,0.3,0,0,0.0,1,1,2,6,0,0,1,1,17,19,1,Stephen Curry
22023,201939,0022301031,"MAR 24, 2024",GSW @ MIN,L,30,9,21,0.429,5,11,0.455,8,8,1.0,0,4,4,3,0,0,2,1,31,6,1,Stephen Curry
22023,201939,0022301016,"MAR 22, 2024",GSW vs. IND,L,35,9,24,0.375,6,18,0.333,1,1,1.0,3,8,11,5,0,0,1,0,25,-13,1,Stephen Curry
22023,201939,0022301001,"MAR 20, 2024",GSW vs. MEM,W,24,5,9,0.556,4,7,0.571,0,0,0.0,1,1,2,3,0,1,2,1,14,17,1,Stephen Curry
22023,201939,0022300988,"MAR 18, 2024",GSW vs. NYK,L,33,8,20,0.4,4,13,0.308,7,7,1.0,0,5,5,5,0,0,2,1,27,-9,1,Stephen Curry
22023,201939,0022300973,"MAR 16, 2024",GSW @ LAL,W,34,12,24,0.5,3,10,0.3,4,5,0.8,1,5,6,5,2,0,1,0,31,4,1,Stephen Curry
22023,201939,0022300907,"MAR 07, 2024",GSW vs. CHI,L,29,5,18,0.278,3,12,0.25,2,2,1.0,0,3,3,1,0,0,2,1,15,9,1,Stephen Curry
22023,201939,0022300899,"MAR 06, 2024",GSW vs. MIL,W,31,10,18,0.556,6,10,0.6,3,4,0.75,2,6,8,5,0,0,2,1,29,15,1,Stephen Curry
22023,201939,0022300872,"MAR 03, 2024",GSW @ BOS,L,17,2,13,0.154,0,9,0.0,0,0,0.0,0,1,1,3,0,0,2,0,4,-29,1,Stephen Curry
22023,201939,0022300860,"MAR 01, 2024",GSW @ TOR,W,30,9,22,0.409,7,15,0.467,0,0,0.0,2,4,6,6,0,0,4,2,25,12,1,Stephen Curry
22023,201939,0022300852,"FEB 29, 2024",GSW @ NYK,W,32,11,26,0.423,8,18,0.444,1,1,1.0,2,9,11,1,1,0,3,0,31,20,1,Stephen Curry
22023,201939,0022300834,"FEB 27, 2024",GSW @ WAS,W,30,6,21,0.286,4,16,0.25,2,2,1.0,0,5,5,6,1,1,3,1,18,1,1,Stephen Curry
22023,201939,0022300824,"FEB 25, 2024",GSW vs. DEN,L,32,6,19,0.316,1,10,0.1,7,8,0.875,0,1,1,4,0,0,3,2,20,-22,1,Stephen Curry
22023,201939,0022300811,"FEB 23, 2024",GSW vs. CHA,W,31,5,14,0.357,3,11,0.273,2,2,1.0,0,2,2,5,1,0,4,1,15,10,1,Stephen Curry
22023,201939,0022300802,"FEB 22, 2024",GSW vs. LAL,W,32,12,24,0.5,6,13,0.462,2,2,1.0,0,1,1,8,3,0,1,1,32,25,1,Stephen Curry
22023,201939,0022300576,"FEB 15, 2024",GSW @ UTA,W,35,4,14,0.286,2,8,0.25,6,8,0.75,1,1,2,10,1,0,4,2,16,-2,1,Stephen Curry
22023,201939,0022300789,"FEB 14, 2024",GSW vs. LAC,L,35,15,31,0.484,9,19,0.474,2,2,1.0,1,3,4,5,0,0,4,3,41,-6,1,Stephen Curry
22023,201939,0022300769,"FEB 12, 2024",GSW @ UTA,W,32,9,19,0.474,7,16,0.438,0,0,0.0,0,6,6,10,3,1,1,1,25,30,1,Stephen Curry
22023,201939,0022300757,"FEB 10, 2024",GSW vs. PHX,W,34,10,22,0.455,9,16,0.563,1,2,0.5,1,8,9,6,1,0,3,0,30,10,1,Stephen Curry
22023,201939,0022300733,"FEB 08, 2024",GSW @ IND,W,30,15,22,0.682,11,16,0.688,1,2,0.5,0,2,2,2,0,1,2,2,42,13,1,Stephen Curry
22023,201939,0022300727,"FEB 07, 2024",GSW @ PHI,W,25,2,7,0.286,1,4,0.25,4,4,1.0,0,3,3,1,0,1,4,2,9,13,1,Stephen Curry
22023,201939,0022300717,"FEB 05, 2024",GSW @ BKN,W,34,12,24,0.5,4,11,0.364,1,1,1.0,1,4,5,3,0,0,4,2,29,6,1,Stephen Curry
22023,201939,0022300699,"FEB 03, 2024",GSW @ ATL,L,41,22,38,0.579,10,23,0.435,6,6,1.0,1,5,6,4,0,1,2,1,60,-1,1,Stephen Curry
22023,201939,0022300693,"FEB 02, 2024",GSW @ MEM,W,32,6,16,0.375,4,9,0.444,4,4,1.0,0,6,6,6,1,0,3,1,20,12,1,Stephen Curry
22023,201939,0022300673,"JAN 30, 2024",GSW vs. PHI,W,35,12,17,0.706,8,13,0.615,5,5,1.0,1,7,8,7,0,1,5,2,37,26,1,Stephen Curry
22023,201939,0022300650,"JAN 27, 2024",GSW vs. LAL,L,43,17,35,0.486,9,21,0.429,3,3,1.0,0,3,3,7,1,0,4,4,46,-2,1,Stephen Curry
22023,201939,0022300632,"JAN 25, 2024",GSW vs. SAC,L,36,13,26,0.5,6,14,0.429,1,1,1.0,1,5,6,2,1,0,2,0,33,-8,1,Stephen Curry
22023,201939,0022300626,"JAN 24, 2024",GSW vs. ATL,W,31,7,16,0.438,5,8,0.625,6,6,1.0,0,3,3,8,0,0,1,3,25,9,1,Stephen Curry
22023,201939,0022300560,"JAN 15, 2024",GSW @ MEM,L,33,11,20,0.55,3,9,0.333,1,1,1.0,1,3,4,8,2,1,5,4,26,-2,1,Stephen Curry
22023,201939,0022300536,"JAN 12, 2024",GSW @ CHI,W,35,8,24,0.333,6,15,0.4,5,5,1.0,0,5,5,9,1,0,1,1,27,5,1,Stephen Curry
22023,201939,0022300525,"JAN 10, 2024",GSW vs. NOP,L,25,4,13,0.308,3,8,0.375,4,4,1.0,0,1,1,6,1,0,3,0,15,-4,1,Stephen Curry
22023,201939,0022300504,"JAN 07, 2024",GSW vs. TOR,L,30,2,14,0.143,0,9,0.0,5,5,1.0,0,1,1,6,0,0,2,3,9,-17,1,Stephen Curry
22023,201939,0022300490,"JAN 05, 2024",GSW vs. DET,W,31,7,19,0.368,4,12,0.333,8,9,0.889,0,6,6,4,1,1,4,0,26,0,1,Stephen Curry
22023,201939,0022300478,"JAN 04, 2024",GSW vs. DEN,L,35,11,23,0.478,5,12,0.417,3,3,1.0,0,4,4,6,1,1,2,1,30,-1,1,Stephen Curry
22023,201939,0022300463,"JAN 02, 2024",GSW vs. ORL,W,35,12,20,0.6,4,9,0.444,8,11,0.727,1,1,2,6,4,1,2,4,36,12,1,Stephen Curry
22023,201939,0022300444,"DEC 30, 2023",GSW vs. DAL,L,35,9,25,0.36,6,15,0.4,1,1,1.0,0,2,2,7,1,0,3,3,25,-6,1,Stephen Curry
22023,201939,0022300426,"DEC 28, 2023",GSW vs. MIA,L,32,3,15,0.2,2,8,0.25,5,6,0.833,0,4,4,5,2,1,1,1,13,-14,1,Stephen Curry
22023,201939,0022300402,"DEC 25, 2023",GSW @ DEN,L,34,7,21,0.333,3,13,0.231,1,1,1.0,1,1,2,4,1,1,3,4,18,-26,1,Stephen Curry
22023,201939,0022300399,"DEC 23, 2023",GSW vs. POR,W,30,11,18,0.611,2,7,0.286,3,3,1.0,0,3,3,2,0,0,1,1,27,4,1,Stephen Curry
22023,201939,0022300386,"DEC 22, 2023",GSW vs. WAS,W,27,9,18,0.5,8,13,0.615,4,5,0.8,0,4,4,7,0,1,2,0,30,-1,1,Stephen Curry
22023,201939,0022300362,"DEC 19, 2023",GSW vs. BOS,W,38,11,21,0.524,6,11,0.545,5,5,1.0,0,3,3,6,0,0,4,5,33,8,1,Stephen Curry
22023,201939,0022300348,"DEC 17, 2023",GSW @ POR,W,31,2,12,0.167,0,8,0.0,3,4,0.75,0,2,2,8,1,1,4,1,7,14,1,Stephen Curry
22023,201939,0022300339,"DEC 16, 2023",GSW vs. BKN,W,35,14,22,0.636,6,8,0.75,3,3,1.0,0,3,3,1,0,3,3,1,37,7,1,Stephen Curry
22023,201939,0022300325,"DEC 14, 2023",GSW @ LAC,L,34,5,17,0.294,3,13,0.231,4,4,1.0,0,4,4,4,0,0,1,3,17,-3,1,Stephen Curry
22023,201939,0022300308,"DEC 12, 2023",GSW @ PHX,L,32,8,24,0.333,4,15,0.267,4,4,1.0,0,5,5,4,3,0,1,2,24,-15,1,Stephen Curry
22023,201939,0022301222,"DEC 08, 2023",GSW @ OKC,L,40,10,20,0.5,6,12,0.5,8,8,1.0,0,6,6,3,1,0,3,0,34,-5,1,Stephen Curry
22023,201939,0022301214,"DEC 06, 2023",GSW vs. POR,W,34,8,18,0.444,5,13,0.385,10,11,0.909,0,5,5,1,0,0,4,2,31,4,1,Stephen Curry
22023,201939,0022300280,"DEC 02, 2023",GSW @ LAC,L,37,7,18,0.389,4,9,0.444,4,4,1.0,1,3,4,11,0,0,2,0,22,2,1,Stephen Curry
22023,201939,0022300273,"NOV 30, 2023",GSW vs. LAC,W,33,8,15,0.533,3,9,0.333,7,9,0.778,0,7,7,8,1,1,2,2,26,-4,1,Stephen Curry
22023,201939,0022300060,"NOV 28, 2023",GSW @ SAC,L,37,8,20,0.4,4,12,0.333,9,9,1.0,3,7,10,6,0,1,5,5,29,7,1,Stephen Curry
22023,201939,0022300051,"NOV 24, 2023",GSW vs. SAS,W,35,11,20,0.55,7,14,0.5,6,6,1.0,0,3,3,6,1,0,6,2,35,4,1,Stephen Curry
22023,201939,0022300236,"NOV 22, 2023",GSW @ PHX,L,28,6,15,0.4,1,8,0.125,3,3,1.0,0,3,3,6,0,0,2,2,16,-17,1,Stephen Curry
22023,201939,0022300224,"NOV 20, 2023",GSW vs. HOU,W,35,8,14,0.571,5,9,0.556,11,12,0.917,0,5,5,1,0,0,4,2,32,-3,1,Stephen Curry
22023,201939,0022300207,"NOV 18, 2023",GSW vs. OKC,L,40,8,21,0.381,5,11,0.455,4,4,1.0,0,7,7,3,0,0,2,2,25,0,1,Stephen Curry
22023,201939,0022300186,"NOV 12, 2023",GSW vs. MIN,L,36,11,25,0.44,5,13,0.385,11,12,0.917,1,4,5,3,1,0,5,2,38,-4,1,Stephen Curry
22023,201939,0022300176,"NOV 11, 2023",GSW vs. CLE,L,33,9,24,0.375,4,14,0.286,8,8,1.0,1,2,3,2,1,1,4,1,30,-8,1,Stephen Curry
22023,201939,0022300169,"NOV 08, 2023",GSW @ DEN,L,34,6,17,0.353,6,13,0.462,5,5,1.0,1,4,5,4,1,0,3,2,23,-10,1,Stephen Curry
22023,201939,0022300145,"NOV 06, 2023",GSW @ DET,W,33,12,26,0.462,7,17,0.412,3,4,0.75,0,2,2,4,0,0,3,1,34,17,1,Stephen Curry
22023,201939,0022300142,"NOV 05, 2023",GSW @ CLE,L,31,8,16,0.5,7,11,0.636,5,6,0.833,0,2,2,4,1,0,6,0,28,-6,1,Stephen Curry
22023,201939,0022300005,"NOV 03, 2023",GSW @ OKC,W,31,9,15,0.6,5,10,0.5,7,7,1.0,3,5,8,7,2,0,3,1,30,5,1,Stephen Curry
22023,201939,0022300126,"NOV 01, 2023",GSW vs. SAC,W,32,7,15,0.467,4,10,0.4,3,3,1.0,1,4,5,3,0,0,7,3,21,-6,1,Stephen Curry
22023,201939,0022300108,"OCT 30, 2023",GSW @ NOP,W,30,15,22,0.682,7,13,0.538,5,7,0.714,0,5,5,5,2,0,3,1,42,13,1,Stephen Curry
22023,201939,0022300096,"OCT 29, 2023",GSW @ HOU,W,31,6,16,0.375,6,14,0.429,6,6,1.0,1,6,7,6,0,1,1,1,24,-2,1,Stephen Curry
22023,201939,0022300087,"OCT 27, 2023",GSW @ SAC,W,35,14,19,0.737,7,10,0.7,6,6,1.0,1,3,4,4,2,0,4,0,41,10,1,Stephen Curry
22023,201939,0022300062,"OCT 24, 2023",GSW vs. PHX,L,31,8,20,0.4,4,14,0.286,7,7,1.0,1,4,5,1,1,0,2,5,27,-9,1,Stephen Curry
22023,201142,0022301194,"APR 14, 2024",PHX @ MIN,W,38,6,14,0.429,1,3,0.333,2,2,1.0,2,2,4,1,2,1,4,3,15,30,1,Kevin Durant
22023,201142,0022301185,"APR 12, 2024",PHX @ SAC,W,42,11,20,0.55,3,7,0.429,3,3,1.0,1,4,5,3,0,0,3,2,28,-4,1,Kevin Durant
22023,201142,0022301165,"APR 10, 2024",PHX @ LAC,W,37,10,21,0.476,2,9,0.222,2,2,1.0,0,9,9,3,1,2,4,0,24,8,1,Kevin Durant
22023,201142,0022301156,"APR 09, 2024",PHX vs. LAC,L,40,8,22,0.364,2,5,0.4,3,5,0.6,0,2,2,2,2,0,1,2,21,-14,1,Kevin Durant
22023,201142,0022301138,"APR 07, 2024",PHX vs. NOP,L,38,8,22,0.364,3,8,0.375,4,4,1.0,0,4,4,6,0,0,0,1,23,-12,1,Kevin Durant
22023,201142,0022301125,"APR 05, 2024",PHX vs. MIN,W,35,9,14,0.643,1,4,0.25,3,3,1.0,1,5,6,6,1,0,1,4,22,22,1,Kevin Durant
22023,201142,0022301110,"APR 03, 2024",PHX vs. CLE,W,36,13,23,0.565,3,7,0.429,3,4,0.75,0,6,6,7,1,0,4,2,32,11,1,Kevin Durant
22023,201142,0022301092,"APR 01, 2024",PHX @ NOP,W,41,7,19,0.368,3,11,0.273,3,3,1.0,1,6,7,3,2,0,3,2,20,13,1,Kevin Durant
22023,201142,0022301069,"MAR 29, 2024",PHX @ OKC,L,31,10,17,0.588,4,7,0.571,2,3,0.667,0,6,6,1,1,1,3,2,26,-15,1,Kevin Durant
22023,201142,0022301059,"MAR 27, 2024",PHX @ DEN,W,38,12,20,0.6,3,4,0.75,3,3,1.0,2,11,13,3,0,5,8,1,30,11,1,Kevin Durant
22023,201142,0022301039,"MAR 25, 2024",PHX @ SAS,L,36,12,17,0.706,4,6,0.667,1,2,0.5,0,8,8,6,1,0,3,2,29,5,1,Kevin Durant
22023,201142,0022301025,"MAR 23, 2024",PHX @ SAS,W,31,12,16,0.75,1,2,0.5,0,0,0.0,0,4,4,4,3,0,0,0,25,31,1,Kevin Durant
22023,201142,0022301010,"MAR 21, 2024",PHX vs. ATL,W,37,5,15,0.333,2,8,0.25,7,7,1.0,1,3,4,2,0,3,5,1,19,0,1,Kevin Durant
22023,201142,0022301002,"MAR 20, 2024",PHX vs. PHI,W,36,10,18,0.556,2,6,0.333,0,0,0.0,0,8,8,4,0,3,4,1,22,1,1,Kevin Durant
22023,201142,0022300976,"MAR 17, 2024",PHX @ MIL,L,41,4,10,0.4,1,3,0.333,2,2,1.0,1,8,9,4,3,2,1,3,11,-11,1,Kevin Durant
22023,201142,0022300961,"MAR 15, 2024",PHX @ CHA,W,38,5,15,0.333,1,6,0.167,2,2,1.0,0,8,8,5,1,0,3,1,13,-2,1,Kevin Durant
22023,201142,0022300955,"MAR 14, 2024",PHX @ BOS,L,34,9,19,0.474,1,3,0.333,1,2,0.5,0,3,3,1,0,1,3,1,20,-17,1,Kevin Durant
22023,201142,0022300934,"MAR 11, 2024",PHX @ CLE,W,39,14,26,0.538,5,10,0.5,4,5,0.8,0,8,8,6,1,0,3,2,37,13,1,Kevin Durant
22023,201142,0022300920,"MAR 09, 2024",PHX vs. BOS,L,37,18,26,0.692,4,7,0.571,5,7,0.714,1,9,10,6,1,0,6,2,45,-1,1,Kevin Durant
22023,201142,0022300905,"MAR 07, 2024",PHX vs. TOR,W,35,11,19,0.579,2,5,0.4,11,12,0.917,0,3,3,1,1,0,4,1,35,8,1,Kevin Durant
22023,201142,0022300893,"MAR 05, 2024",PHX @ DEN,W,44,14,34,0.412,3,8,0.375,4,5,0.8,0,8,8,5,0,2,2,1,35,14,1,Kevin Durant
22023,201142,0022300878,"MAR 03, 2024",PHX vs. OKC,L,36,6,15,0.4,2,4,0.5,6,6,1.0,0,4,4,3,1,1,5,2,20,-9,1,Kevin Durant
22023,201142,0022300870,"MAR 02, 2024",PHX vs. HOU,L,39,12,19,0.632,1,4,0.25,5,8,0.625,2,7,9,2,0,3,6,1,30,-5,1,Kevin Durant
22023,201142,0022300854,"FEB 29, 2024",PHX vs. HOU,W,40,8,19,0.421,1,3,0.333,7,10,0.7,2,5,7,6,0,0,3,1,24,2,1,Kevin Durant
22023,201142,0022300818,"FEB 25, 2024",PHX vs. LAL,W,39,7,20,0.35,2,8,0.25,6,6,1.0,1,4,5,7,0,2,3,2,22,2,1,Kevin Durant
22023,201142,0022300806,"FEB 23, 2024",PHX @ HOU,L,38,10,22,0.455,1,7,0.143,7,10,0.7,0,11,11,8,1,2,2,3,28,5,1,Kevin Durant
22023,201142,0022300796,"FEB 22, 2024",PHX @ DAL,L,40,9,22,0.409,2,8,0.25,3,5,0.6,0,6,6,1,1,1,5,3,23,-4,1,Kevin Durant
22023,201142,0022300787,"FEB 14, 2024",PHX vs. DET,W,30,8,13,0.615,1,3,0.333,8,8,1.0,1,5,6,6,1,2,5,2,25,23,1,Kevin Durant
22023,201142,0022300774,"FEB 13, 2024",PHX vs. SAC,W,38,11,17,0.647,2,5,0.4,4,6,0.667,2,9,11,4,1,0,3,2,28,8,1,Kevin Durant
22023,201142,0022300757,"FEB 10, 2024",PHX @ GSW,L,39,10,25,0.4,2,8,0.25,2,2,1.0,1,9,10,7,1,2,6,0,24,0,1,Kevin Durant
22023,201142,0022300739,"FEB 08, 2024",PHX vs. UTA,W,35,14,23,0.609,2,6,0.333,1,1,1.0,0,8,8,7,3,2,3,1,31,17,1,Kevin Durant
22023,201142,0022300725,"FEB 06, 2024",PHX vs. MIL,W,39,11,21,0.524,1,5,0.2,5,7,0.714,0,10,10,1,1,2,5,3,28,8,1,Kevin Durant
22023,201142,0022300705,"FEB 04, 2024",PHX @ WAS,W,26,7,9,0.778,3,3,1.0,1,2,0.5,0,4,4,3,2,1,1,0,18,18,1,Kevin Durant
22023,201142,0022300690,"FEB 02, 2024",PHX @ ATL,L,38,14,24,0.583,5,9,0.556,2,2,1.0,1,7,8,8,2,1,4,3,35,-1,1,Kevin Durant
22023,201142,0022300677,"JAN 31, 2024",PHX @ BKN,W,38,10,16,0.625,2,6,0.333,11,12,0.917,0,5,5,8,0,2,3,1,33,20,1,Kevin Durant
22023,201142,0022300661,"JAN 29, 2024",PHX @ MIA,W,42,8,15,0.533,2,5,0.4,2,2,1.0,2,6,8,7,1,2,1,0,20,6,1,Kevin Durant
22023,201142,0022300655,"JAN 28, 2024",PHX @ ORL,L,37,7,12,0.583,1,3,0.333,0,0,0.0,0,4,4,5,0,1,7,3,15,-25,1,Kevin Durant
22023,201142,0022300636,"JAN 26, 2024",PHX @ IND,L,39,9,15,0.6,2,4,0.5,0,0,0.0,1,6,7,6,1,1,2,1,20,-9,1,Kevin Durant
22023,201142,0022300625,"JAN 24, 2024",PHX @ DAL,W,38,4,10,0.4,0,4,0.0,4,7,0.571,0,10,10,7,1,2,1,4,12,19,1,Kevin Durant
22023,201142,0022300612,"JAN 22, 2024",PHX vs. CHI,W,41,16,32,0.5,6,15,0.4,5,6,0.833,1,5,6,8,1,2,1,2,43,3,1,Kevin Durant
22023,201142,0022300604,"JAN 21, 2024",PHX vs. IND,W,40,18,25,0.72,4,7,0.571,0,0,0.0,1,8,9,2,0,3,2,4,40,7,1,Kevin Durant
22023,201142,0022300588,"JAN 19, 2024",PHX @ NOP,W,35,11,19,0.579,3,8,0.375,1,1,1.0,1,4,5,2,2,2,1,1,26,25,1,Kevin Durant
22023,201142,0022300567,"JAN 16, 2024",PHX vs. SAC,W,39,7,16,0.438,4,8,0.5,9,9,1.0,1,4,5,4,0,2,7,3,27,-4,1,Kevin Durant
22023,201142,0022300554,"JAN 14, 2024",PHX @ POR,W,38,8,16,0.5,2,5,0.4,3,3,1.0,1,4,5,6,0,0,3,4,21,0,1,Kevin Durant
22023,201142,0022300531,"JAN 11, 2024",PHX @ LAL,W,32,7,12,0.583,2,5,0.4,2,2,1.0,0,5,5,5,3,1,1,0,18,15,1,Kevin Durant
22023,201142,0022300511,"JAN 08, 2024",PHX @ LAC,L,35,10,17,0.588,3,6,0.5,7,8,0.875,0,7,7,2,0,1,3,2,30,-14,1,Kevin Durant
22023,201142,0022300503,"JAN 07, 2024",PHX vs. MEM,L,36,11,23,0.478,0,1,0.0,1,1,1.0,2,8,10,5,0,1,1,1,23,-7,1,Kevin Durant
22023,201142,0022300450,"DEC 31, 2023",PHX vs. ORL,W,39,12,21,0.571,2,5,0.4,5,5,1.0,0,5,5,5,3,1,0,1,31,9,1,Kevin Durant
22023,201142,0022300436,"DEC 29, 2023",PHX vs. CHA,W,39,8,11,0.727,3,3,1.0,2,2,1.0,1,3,4,11,1,3,1,2,21,10,1,Kevin Durant
22023,201142,0022300418,"DEC 27, 2023",PHX @ HOU,W,41,9,16,0.563,3,7,0.429,6,8,0.75,0,10,10,16,2,1,3,2,27,17,1,Kevin Durant
22023,201142,0022300405,"DEC 25, 2023",PHX vs. DAL,L,43,4,11,0.364,1,3,0.333,7,7,1.0,1,7,8,7,0,1,6,2,16,-5,1,Kevin Durant
22023,201142,0022300387,"DEC 22, 2023",PHX @ SAC,L,34,9,14,0.643,2,3,0.667,8,9,0.889,0,7,7,2,1,0,7,0,28,-14,1,Kevin Durant
22023,201142,0022300363,"DEC 19, 2023",PHX @ POR,L,38,16,28,0.571,1,3,0.333,7,8,0.875,0,4,4,5,2,0,5,1,40,8,1,Kevin Durant
22023,201142,0022300347,"DEC 17, 2023",PHX vs. WAS,W,35,11,24,0.458,0,2,0.0,6,9,0.667,3,2,5,5,1,1,2,1,28,-2,1,Kevin Durant
22023,201142,0022300333,"DEC 15, 2023",PHX vs. NYK,L,36,10,21,0.476,4,9,0.444,5,7,0.714,0,3,3,6,0,0,0,1,29,-7,1,Kevin Durant
22023,201142,0022300317,"DEC 13, 2023",PHX vs. BKN,L,38,9,18,0.5,1,5,0.2,8,10,0.8,1,5,6,4,1,2,2,3,27,0,1,Kevin Durant
22023,201142,0022301203,"DEC 05, 2023",PHX @ LAL,L,39,12,17,0.706,4,7,0.571,3,4,0.75,0,7,7,4,0,1,5,5,31,6,1,Kevin Durant
22023,201142,0022300288,"DEC 02, 2023",PHX vs. MEM,W,33,10,14,0.714,2,3,0.667,5,7,0.714,0,2,2,5,1,1,2,1,27,8,1,Kevin Durant
22023,201142,0022300279,"DEC 01, 2023",PHX vs. DEN,L,36,8,25,0.32,1,3,0.333,13,13,1.0,0,4,4,11,1,3,1,2,30,-6,1,Kevin Durant
22023,201142,0022300260,"NOV 29, 2023",PHX @ TOR,L,36,11,30,0.367,2,8,0.25,6,6,1.0,0,4,4,6,1,0,1,1,30,-1,1,Kevin Durant
22023,201142,0022300236,"NOV 22, 2023",PHX vs. GSW,W,34,7,14,0.5,3,4,0.75,15,15,1.0,0,8,8,2,0,2,6,2,32,5,1,Kevin Durant
22023,201142,0022300041,"NOV 21, 2023",PHX vs. POR,W,37,13,21,0.619,2,2,1.0,3,3,1.0,0,4,4,9,0,1,3,4,31,20,1,Kevin Durant
22023,201142,0022300214,"NOV 19, 2023",PHX @ UTA,W,46,14,27,0.519,4,9,0.444,7,7,1.0,0,8,8,10,2,2,7,2,39,4,1,Kevin Durant
22023,201142,0022300035,"NOV 17, 2023",PHX @ UTA,W,33,15,22,0.682,6,8,0.75,2,2,1.0,0,9,9,9,0,0,1,1,38,-8,1,Kevin Durant
22023,201142,0022300197,"NOV 15, 2023",PHX vs. MIN,W,35,11,15,0.733,2,2,1.0,7,7,1.0,0,6,6,6,0,1,2,3,31,27,1,Kevin Durant
22023,201142,0022300185,"NOV 12, 2023",PHX vs. OKC,L,36,7,18,0.389,3,5,0.6,11,11,1.0,0,9,9,4,1,2,3,1,28,-13,1,Kevin Durant
22023,201142,0022300015,"NOV 10, 2023",PHX vs. LAL,L,39,13,27,0.481,4,6,0.667,8,10,0.8,1,8,9,5,0,0,4,4,38,8,1,Kevin Durant
22023,201142,0022300162,"NOV 08, 2023",PHX @ CHI,W,42,7,16,0.438,2,5,0.4,9,9,1.0,1,6,7,9,2,1,6,2,25,5,1,Kevin Durant
22023,201142,0022300140,"NOV 05, 2023",PHX @ DET,W,35,14,27,0.519,1,3,0.333,12,12,1.0,0,4,4,5,1,2,3,1,41,7,1,Kevin Durant
22023,201142,0022300132,"NOV 04, 2023",PHX @ PHI,L,36,9,20,0.45,1,4,0.25,12,14,0.857,1,7,8,3,1,2,5,1,31,-13,1,Kevin Durant
22023,201142,0022300131,"NOV 02, 2023",PHX vs. SAS,L,37,10,15,0.667,3,5,0.6,5,9,0.556,0,6,6,1,0,2,3,3,28,-17,1,Kevin Durant
22023,201142,0022300113,"OCT 31, 2023",PHX vs. SAS,L,37,12,19,0.632,1,3,0.333,1,2,0.5,0,2,2,7,2,0,5,0,26,3,1,Kevin Durant
22023,201142,0022300094,"OCT 28, 2023",PHX vs. UTA,W,29,8,11,0.727,1,4,0.25,9,9,1.0,0,4,4,7,1,1,2,1,26,30,1,Kevin Durant
22023,201142,0022300076,"OCT 26, 2023",PHX @ LAL,L,39,14,28,0.5,1,5,0.2,10,13,0.769,0,11,11,2,1,1,8,2,39,18,1,Kevin Durant
22023,201142,0022300062,"OCT 24, 2023",PHX @ GSW,W,37,7,22,0.318,1,2,0.5,3,5,0.6,2,9,11,3,0,1,2,1,18,0,1,Kevin Durant
22023,203076,0022301195,"APR 14, 2024",LAL @ NOP,W,33,13,17,0.765,0,1,0.0,4,4,1.0,4,7,11,3,2,0,3,4,30,15,1,Anthony Davis
22023,203076,0022301177,"APR 12, 2024",LAL @ MEM,W,43,11,22,0.5,1,6,0.167,13,17,0.765,4,10,14,5,1,2,4,2,36,2,1,Anthony Davis
22023,203076,0022301143,"APR 07, 2024",LAL vs. MIN,L,12,2,6,0.333,0,0,0.0,0,0,0.0,3,1,4,3,2,0,1,2,4,4,1,Anthony Davis
22023,203076,0022301127,"APR 06, 2024",LAL vs. CLE,W,36,7,11,0.636,1,1,1.0,7,9,0.778,4,9,13,4,3,6,0,2,22,8,1,Anthony Davis
22023,203076,0022301103,"APR 03, 2024",LAL @ WAS,W,38,10,17,0.588,0,1,0.0,15,15,1.0,3,15,18,1,2,3,2,1,35,29,1,Anthony Davis
22023,203076,0022301094,"APR 02, 2024",LAL @ TOR,W,28,10,20,0.5,0,4,0.0,1,4,0.25,2,10,12,1,0,0,5,3,21,14,1,Anthony Davis
22023,203076,0022301078,"MAR 31, 2024",LAL @ BKN,W,35,9,12,0.75,1,3,0.333,5,6,0.833,1,13,14,0,0,3,4,3,24,18,1,Anthony Davis
22023,203076,0022301063,"MAR 29, 2024",LAL @ IND,L,38,9,17,0.529,0,1,0.0,6,7,0.857,4,11,15,3,0,0,3,0,24,-12,1,Anthony Davis
22023,203076,0022301045,"MAR 26, 2024",LAL @ MIL,W,52,12,31,0.387,3,8,0.375,7,7,1.0,7,16,23,2,2,4,4,1,34,1,1,Anthony Davis
22023,203076,0022301032,"MAR 24, 2024",LAL vs. IND,W,40,15,21,0.714,1,2,0.5,5,5,1.0,3,13,16,3,2,1,2,4,36,11,1,Anthony Davis
22023,203076,0022301018,"MAR 22, 2024",LAL vs. PHI,W,40,10,16,0.625,1,2,0.5,2,4,0.5,7,12,19,4,0,4,3,4,23,4,1,Anthony Davis
22023,203076,0022300990,"MAR 18, 2024",LAL vs. ATL,W,31,10,14,0.714,1,2,0.5,1,2,0.5,1,14,15,6,2,1,2,2,22,28,1,Anthony Davis
22023,203076,0022300973,"MAR 16, 2024",LAL vs. GSW,L,12,3,6,0.5,0,0,0.0,2,2,1.0,1,3,4,2,1,1,0,0,8,6,1,Anthony Davis
22023,203076,0022300954,"MAR 13, 2024",LAL @ SAC,L,41,7,18,0.389,1,2,0.5,7,8,0.875,3,7,10,3,1,1,2,1,22,-8,1,Anthony Davis
22023,203076,0022300932,"MAR 10, 2024",LAL vs. MIN,W,39,9,17,0.529,0,0,0.0,9,13,0.692,10,15,25,5,7,3,3,2,27,15,1,Anthony Davis
22023,203076,0022300915,"MAR 08, 2024",LAL vs. MIL,W,41,10,21,0.476,0,1,0.0,2,2,1.0,1,12,13,5,0,3,0,3,22,-3,1,Anthony Davis
22023,203076,0022300901,"MAR 06, 2024",LAL vs. SAC,L,34,5,13,0.385,0,1,0.0,4,5,0.8,1,10,11,3,0,1,2,4,14,-6,1,Anthony Davis
22023,203076,0022300884,"MAR 04, 2024",LAL vs. OKC,W,30,7,12,0.583,0,0,0.0,10,11,0.909,4,8,12,4,1,3,2,1,24,10,1,Anthony Davis
22023,203076,0022300869,"MAR 02, 2024",LAL vs. DEN,L,39,7,13,0.538,0,0,0.0,3,4,0.75,2,9,11,2,0,3,0,3,17,-11,1,Anthony Davis
22023,203076,0022300856,"FEB 29, 2024",LAL vs. WAS,W,41,14,22,0.636,0,0,0.0,12,13,0.923,3,12,15,4,1,3,1,2,40,6,1,Anthony Davis
22023,203076,0022300848,"FEB 28, 2024",LAL @ LAC,W,36,8,15,0.533,0,2,0.0,4,5,0.8,3,9,12,2,2,3,2,2,20,-4,1,Anthony Davis
22023,203076,0022300818,"FEB 25, 2024",LAL @ PHX,L,42,11,17,0.647,0,0,0.0,0,0,0.0,2,12,14,0,3,2,3,3,22,-2,1,Anthony Davis
22023,203076,0022300813,"FEB 23, 2024",LAL vs. SAS,W,29,10,14,0.714,0,1,0.0,8,10,0.8,5,8,13,0,1,0,1,2,28,10,1,Anthony Davis
22023,203076,0022300802,"FEB 22, 2024",LAL @ GSW,L,33,11,19,0.579,0,2,0.0,5,6,0.833,3,12,15,1,0,3,3,3,27,-16,1,Anthony Davis
22023,203076,0022300788,"FEB 14, 2024",LAL @ UTA,W,38,13,25,0.52,1,3,0.333,10,13,0.769,3,12,15,1,0,2,2,0,37,24,1,Anthony Davis
22023,203076,0022300776,"FEB 13, 2024",LAL vs. DET,W,28,6,12,0.5,1,3,0.333,7,7,1.0,3,11,14,4,0,6,1,1,20,12,1,Anthony Davis
22023,203076,0022300747,"FEB 09, 2024",LAL vs. NOP,W,29,7,11,0.636,0,1,0.0,6,7,0.857,0,6,6,6,1,1,3,4,20,0,1,Anthony Davis
22023,203076,0022300740,"FEB 08, 2024",LAL vs. DEN,L,38,14,27,0.519,0,3,0.0,4,6,0.667,1,8,9,3,3,4,1,0,32,-11,1,Anthony Davis
22023,203076,0022300713,"FEB 05, 2024",LAL @ CHA,W,37,12,16,0.75,0,2,0.0,2,2,1.0,3,12,15,11,0,3,2,1,26,16,1,Anthony Davis
22023,203076,0022300701,"FEB 03, 2024",LAL @ NYK,W,36,4,12,0.333,0,1,0.0,4,4,1.0,2,16,18,5,1,4,0,2,12,6,1,Anthony Davis
22023,203076,0022300662,"JAN 29, 2024",LAL @ HOU,L,29,10,20,0.5,3,3,1.0,0,1,0.0,2,5,7,2,2,1,3,2,23,-10,1,Anthony Davis
22023,203076,0022300650,"JAN 27, 2024",LAL @ GSW,W,45,11,24,0.458,0,4,0.0,7,9,0.778,3,10,13,3,0,4,2,4,29,-2,1,Anthony Davis
22023,203076,0022300633,"JAN 25, 2024",LAL vs. CHI,W,36,10,18,0.556,0,1,0.0,2,5,0.4,5,6,11,6,0,1,0,1,22,13,1,Anthony Davis
22023,203076,0022300618,"JAN 23, 2024",LAL @ LAC,L,36,12,20,0.6,0,1,0.0,2,2,1.0,4,8,12,2,0,0,1,2,26,-9,1,Anthony Davis
22023,203076,0022300605,"JAN 21, 2024",LAL vs. POR,W,26,4,7,0.571,0,1,0.0,6,6,1.0,3,11,14,3,0,0,0,0,14,3,1,Anthony Davis
22023,203076,0022300591,"JAN 19, 2024",LAL vs. BKN,L,35,9,13,0.692,0,1,0.0,8,11,0.727,4,8,12,6,3,2,1,1,26,-12,1,Anthony Davis
22023,203076,0022300577,"JAN 17, 2024",LAL vs. DAL,W,33,12,17,0.706,0,0,0.0,4,5,0.8,5,7,12,9,1,1,1,2,28,21,1,Anthony Davis
22023,203076,0022300565,"JAN 15, 2024",LAL vs. OKC,W,38,9,17,0.529,0,1,0.0,9,10,0.9,3,12,15,5,2,1,2,3,27,8,1,Anthony Davis
22023,203076,0022300549,"JAN 13, 2024",LAL @ UTA,L,39,5,21,0.238,0,1,0.0,5,6,0.833,2,13,15,11,1,4,6,1,15,-12,1,Anthony Davis
22023,203076,0022300531,"JAN 11, 2024",LAL vs. PHX,L,32,6,11,0.545,0,2,0.0,1,1,1.0,0,5,5,1,1,2,3,4,13,-24,1,Anthony Davis
22023,203076,0022300516,"JAN 09, 2024",LAL vs. TOR,W,40,13,17,0.765,2,2,1.0,13,14,0.929,1,10,11,6,0,1,3,4,41,0,1,Anthony Davis
22023,203076,0022300505,"JAN 07, 2024",LAL vs. LAC,W,39,10,15,0.667,0,1,0.0,2,4,0.5,1,9,10,1,3,1,3,1,22,-4,1,Anthony Davis
22023,203076,0022300491,"JAN 05, 2024",LAL vs. MEM,L,41,13,22,0.591,0,3,0.0,5,7,0.714,3,3,6,4,0,2,4,4,31,-10,1,Anthony Davis
22023,203076,0022300475,"JAN 03, 2024",LAL vs. MIA,L,43,10,17,0.588,0,1,0.0,9,10,0.9,3,14,17,6,3,5,5,2,29,-13,1,Anthony Davis
22023,203076,0022300446,"DEC 31, 2023",LAL @ NOP,L,35,7,15,0.467,0,2,0.0,6,8,0.75,2,8,10,3,0,5,3,4,20,-17,1,Anthony Davis
22023,203076,0022300443,"DEC 30, 2023",LAL @ MIN,L,39,12,17,0.706,1,2,0.5,8,10,0.8,4,13,17,8,4,2,2,3,33,-6,1,Anthony Davis
22023,203076,0022300428,"DEC 28, 2023",LAL vs. CHA,W,26,11,19,0.579,0,1,0.0,4,4,1.0,2,6,8,2,2,4,2,4,26,6,1,Anthony Davis
22023,203076,0022300403,"DEC 25, 2023",LAL vs. BOS,L,39,15,26,0.577,2,4,0.5,8,10,0.8,5,8,13,4,0,1,2,2,40,-6,1,Anthony Davis
22023,203076,0022300397,"DEC 23, 2023",LAL @ OKC,W,42,11,21,0.524,1,1,1.0,3,6,0.5,3,8,11,7,1,2,3,2,26,3,1,Anthony Davis
22023,203076,0022300380,"DEC 21, 2023",LAL @ MIN,L,39,11,20,0.55,1,1,1.0,8,9,0.889,1,7,8,4,0,3,1,2,31,3,1,Anthony Davis
22023,203076,0022300370,"DEC 20, 2023",LAL @ CHI,L,38,7,15,0.467,0,2,0.0,5,8,0.625,2,12,14,3,2,2,1,1,19,-3,1,Anthony Davis
22023,203076,0022300359,"DEC 18, 2023",LAL vs. NYK,L,35,14,22,0.636,1,1,1.0,3,3,1.0,2,12,14,2,1,2,2,2,32,-6,1,Anthony Davis
22023,203076,0022300316,"DEC 13, 2023",LAL @ SAS,W,38,13,23,0.565,2,3,0.667,9,12,0.75,1,9,10,1,4,0,2,3,37,5,1,Anthony Davis
22023,203076,0022300306,"DEC 12, 2023",LAL @ DAL,L,37,15,21,0.714,1,2,0.5,6,10,0.6,5,6,11,0,0,2,2,2,37,0,1,Anthony Davis
22023,203076,0022301230,"DEC 07, 2023",LAL vs. NOP,W,31,5,10,0.5,0,2,0.0,6,8,0.75,5,10,15,5,2,2,2,1,16,35,1,Anthony Davis
22023,203076,0022301203,"DEC 05, 2023",LAL vs. PHX,W,39,10,26,0.385,0,0,0.0,7,8,0.875,9,6,15,1,0,2,0,1,27,-1,1,Anthony Davis
22023,203076,0022300291,"DEC 02, 2023",LAL vs. HOU,W,37,10,22,0.455,0,0,0.0,7,9,0.778,6,8,14,3,0,5,1,2,27,12,1,Anthony Davis
22023,203076,0022300271,"NOV 30, 2023",LAL @ OKC,L,36,11,18,0.611,0,1,0.0,9,10,0.9,1,13,14,2,2,0,0,1,31,-12,1,Anthony Davis
22023,203076,0022300258,"NOV 29, 2023",LAL @ DET,W,29,9,15,0.6,0,0,0.0,10,13,0.769,4,12,16,4,1,3,0,1,28,29,1,Anthony Davis
22023,203076,0022300255,"NOV 27, 2023",LAL @ PHI,L,32,7,14,0.5,0,0,0.0,3,5,0.6,3,8,11,2,1,1,2,4,17,-13,1,Anthony Davis
22023,203076,0022300242,"NOV 25, 2023",LAL @ CLE,W,38,13,20,0.65,0,0,0.0,6,7,0.857,5,8,13,3,2,3,5,3,32,3,1,Anthony Davis
22023,203076,0022300238,"NOV 22, 2023",LAL vs. DAL,L,36,4,10,0.4,0,0,0.0,2,2,1.0,2,11,13,4,1,1,3,3,10,0,1,Anthony Davis
22023,203076,0022300042,"NOV 21, 2023",LAL vs. UTA,W,29,11,14,0.786,0,0,0.0,4,5,0.8,5,11,16,4,2,0,2,1,26,34,1,Anthony Davis
22023,203076,0022300216,"NOV 19, 2023",LAL vs. HOU,W,33,11,15,0.733,0,0,0.0,5,7,0.714,4,6,10,3,2,1,4,6,27,-8,1,Anthony Davis
22023,203076,0022300036,"NOV 17, 2023",LAL @ POR,W,35,8,19,0.421,0,1,0.0,0,1,0.0,4,10,14,2,3,5,6,5,16,1,1,Anthony Davis
22023,203076,0022300198,"NOV 15, 2023",LAL vs. SAC,L,35,3,9,0.333,0,1,0.0,3,3,1.0,0,9,9,0,0,4,5,4,9,-13,1,Anthony Davis
22023,203076,0022300026,"NOV 14, 2023",LAL vs. MEM,W,27,7,11,0.636,0,0,0.0,5,6,0.833,4,7,11,5,0,6,2,1,19,21,1,Anthony Davis
22023,203076,0022300187,"NOV 12, 2023",LAL vs. POR,W,41,10,20,0.5,0,1,0.0,10,12,0.833,2,11,13,6,0,3,1,0,30,17,1,Anthony Davis
22023,203076,0022300015,"NOV 10, 2023",LAL @ PHX,W,36,5,14,0.357,0,0,0.0,8,8,1.0,4,7,11,4,0,1,1,3,18,-5,1,Anthony Davis
22023,203076,0022300150,"NOV 06, 2023",LAL @ MIA,L,25,4,7,0.571,0,0,0.0,1,1,1.0,0,6,6,4,0,1,1,2,9,-9,1,Anthony Davis
22023,203076,0022300134,"NOV 04, 2023",LAL @ ORL,L,32,10,15,0.667,0,0,0.0,8,8,1.0,6,7,13,3,0,7,4,5,28,-24,1,Anthony Davis
22023,203076,0022300127,"NOV 01, 2023",LAL vs. LAC,W,48,10,18,0.556,0,0,0.0,7,9,0.778,4,6,10,3,1,4,0,3,27,11,1,Anthony Davis
22023,203076,0022300111,"OCT 30, 2023",LAL vs. ORL,W,38,12,18,0.667,0,1,0.0,2,3,0.667,2,17,19,5,1,3,1,3,26,-2,1,Anthony Davis
22023,203076,0022300100,"OCT 29, 2023",LAL @ SAC,L,42,11,22,0.5,1,2,0.5,7,8,0.875,6,10,16,2,2,3,0,5,30,-10,1,Anthony Davis
22023,203076,0022300076,"OCT 26, 2023",LAL vs. PHX,W,39,10,17,0.588,1,2,0.5,9,10,0.9,3,9,12,2,3,3,2,2,30,7,1,Anthony Davis
22023,203076,0022300061,"OCT 24, 2023",LAL @ DEN,L,34,6,17,0.353,1,2,0.5,4,4,1.0,1,7,8,4,0,2,2,3,17,-17,1,Anthony Davis
